Fecha inicial;PM2.5
3/02/2024 15:00;7,44
3/02/2024 14:00;8
3/02/2024 13:00;10,98
3/02/2024 12:00;13,43
3/02/2024 11:00;17,45
3/02/2024 10:00;25,76
3/02/2024 9:00;32,05
3/02/2024 8:00;29,54
3/02/2024 7:00;26,17
3/02/2024 6:00;22,65
3/02/2024 5:00;17,55
3/02/2024 4:00;17,42
3/02/2024 3:00;14,48
3/02/2024 2:00;12,78
3/02/2024 1:00;14,98
3/02/2024 0:00;17,1
2/02/2024 23:00;19,71
2/02/2024 22:00;19,58
2/02/2024 21:00;18,14
2/02/2024 20:00;20,89
2/02/2024 19:00;22,4
2/02/2024 18:00;16,49
2/02/2024 17:00;9,03
2/02/2024 16:00;7,96
2/02/2024 15:00;9,36
2/02/2024 14:00;10,31
2/02/2024 13:00;12,17
2/02/2024 12:00;12,83
2/02/2024 11:00;12,96
2/02/2024 10:00;16,83
2/02/2024 9:00;25,97
2/02/2024 8:00;32,5
2/02/2024 7:00;23,36
2/02/2024 6:00;20,43
2/02/2024 5:00;18,88
2/02/2024 4:00;16,79
2/02/2024 3:00;17,52
2/02/2024 2:00;15,74
2/02/2024 1:00;18,17
2/02/2024 0:00;17,64
1/02/2024 23:00;19,69
1/02/2024 22:00;24,16
1/02/2024 21:00;24,01
1/02/2024 20:00;22,85
1/02/2024 19:00;21,25
1/02/2024 18:00;22,12
1/02/2024 17:00;22,39
1/02/2024 16:00;13,98
1/02/2024 15:00;12,7
1/02/2024 14:00;12,73
1/02/2024 13:00;10,16
1/02/2024 12:00;13,39
1/02/2024 11:00;17,94
1/02/2024 10:00;26,98
1/02/2024 9:00;35,78
1/02/2024 8:00;37,52
1/02/2024 7:00;26,12
1/02/2024 6:00;24,19
1/02/2024 5:00;19,47
1/02/2024 4:00;14,61
1/02/2024 3:00;12,61
1/02/2024 2:00;15,23
1/02/2024 1:00;16,61
1/02/2024 0:00;20,27
31/01/2024 23:00;17,43
31/01/2024 22:00;16,01
31/01/2024 21:00;18,83
31/01/2024 20:00;25,48
31/01/2024 19:00;27,47
31/01/2024 18:00;24,82
31/01/2024 17:00;18,35
31/01/2024 16:00;11,62
31/01/2024 15:00;9,75
31/01/2024 14:00;11,88
31/01/2024 13:00;15,11
31/01/2024 12:00;15,5
31/01/2024 11:00;30,27
31/01/2024 10:00;62,09
31/01/2024 9:00;57,03
31/01/2024 8:00;59,32
31/01/2024 7:00;41,93
31/01/2024 6:00;47,34
31/01/2024 5:00;34,66
31/01/2024 4:00;34,25
31/01/2024 3:00;28,63
31/01/2024 2:00;25,77
31/01/2024 1:00;23,98
31/01/2024 0:00;23,06
30/01/2024 23:00;23,04
30/01/2024 22:00;21,57
30/01/2024 21:00;19,56
30/01/2024 20:00;19,81
30/01/2024 19:00;18,14
30/01/2024 18:00;22,56
30/01/2024 17:00;21,5
30/01/2024 16:00;14,7
30/01/2024 15:00;17,05
30/01/2024 14:00;23,77
10/01/2024 17:00;1,05
10/01/2024 16:00;2
10/01/2024 15:00;2,14
10/01/2024 14:00;5,28
10/01/2024 13:00;11,03
10/01/2024 12:00;12,37
10/01/2024 11:00;20,64
10/01/2024 10:00;33,59
10/01/2024 9:00;25,55
10/01/2024 8:00;36,59
10/01/2024 7:00;28,32
10/01/2024 6:00;34,36
10/01/2024 5:00;20,95
10/01/2024 4:00;19,77
10/01/2024 3:00;14,72
10/01/2024 2:00;9,41
10/01/2024 1:00;17,86
10/01/2024 0:00;14,91
9/01/2024 23:00;13,18
9/01/2024 22:00;16,86
9/01/2024 21:00;14,14
9/01/2024 20:00;16,63
9/01/2024 19:00;9,05
9/01/2024 18:00;9,95
9/01/2024 17:00;8,86
9/01/2024 16:00;6,09
9/01/2024 15:00;8,05
9/01/2024 14:00;9,28
9/01/2024 13:00;15
9/01/2024 12:00;16,2
9/01/2024 11:00;41,23
9/01/2024 10:00;45,72
9/01/2024 9:00;39,95
9/01/2024 8:00;37,94
9/01/2024 7:00;16,55
9/01/2024 6:00;27,77
9/01/2024 5:00;23,37
9/01/2024 4:00;30,36
9/01/2024 3:00;16,77
9/01/2024 2:00;12,05
9/01/2024 1:00;13
9/01/2024 0:00;13,09
8/01/2024 23:00;15,09
8/01/2024 22:00;16,59
8/01/2024 21:00;8,18
8/01/2024 20:00;12,23
8/01/2024 19:00;16,49
8/01/2024 18:00;5,95
8/01/2024 17:00;5
8/01/2024 16:00;5
8/01/2024 15:00;5,09
8/01/2024 14:00;7,23
8/01/2024 13:00;11,97
8/01/2024 12:00;11,23
8/01/2024 11:00;16,32
8/01/2024 10:00;22,86
8/01/2024 9:00;20,28
8/01/2024 8:00;25,54
8/01/2024 7:00;15,86
8/01/2024 6:00;12,91
8/01/2024 5:00;11,04
8/01/2024 4:00;11,96
8/01/2024 3:00;11,12
8/01/2024 2:00;14,04
8/01/2024 1:00;14,96
8/01/2024 0:00;14,07
7/01/2024 23:00;16,14
7/01/2024 22:00;19,82
7/01/2024 21:00;14,82
7/01/2024 20:00;10,25
7/01/2024 19:00;16,58
7/01/2024 18:00;4,89
7/01/2024 17:00;2,04
7/01/2024 16:00;3,08
7/01/2024 15:00;5,08
7/01/2024 14:00;7,04
7/01/2024 13:00;8,07
7/01/2024 12:00;11,89
7/01/2024 11:00;9,63
7/01/2024 10:00;27,84
7/01/2024 9:00;50,05
7/01/2024 8:00;23,93
7/01/2024 7:00;21,72
7/01/2024 6:00;13,89
7/01/2024 5:00;11,18
7/01/2024 4:00;15,86
7/01/2024 3:00;12,11
7/01/2024 2:00;14,75
7/01/2024 1:00;8
7/01/2024 0:00;8,09
6/01/2024 23:00;10
6/01/2024 22:00;10,05
6/01/2024 21:00;11,05
6/01/2024 20:00;11,77
6/01/2024 19:00;7
6/01/2024 18:00;6,95
6/01/2024 17:00;5,82
6/01/2024 16:00;2,09
6/01/2024 15:00;4,18
6/01/2024 14:00;8,14
6/01/2024 13:00;11,05
6/01/2024 12:00;12,64
6/01/2024 11:00;26,32
6/01/2024 10:00;32,72
6/01/2024 9:00;27,28
6/01/2024 8:00;32,54
6/01/2024 7:00;22,63
6/01/2024 6:00;15,37
6/01/2024 5:00;22,36
6/01/2024 4:00;9,64
6/01/2024 3:00;22,68
6/01/2024 2:00;15,68
6/01/2024 1:00;8,91
6/01/2024 0:00;7,64
5/01/2024 23:00;20,68
5/01/2024 22:00;14,14
5/01/2024 21:00;16,72
5/01/2024 20:00;11,37
5/01/2024 19:00;18,4
5/01/2024 18:00;5,95
5/01/2024 17:00;5,14
5/01/2024 16:00;7,91
5/01/2024 15:00;6,64
5/01/2024 14:00;19,54
5/01/2024 13:00;10,2
5/01/2024 12:00;17,09
5/01/2024 11:00;19,46
5/01/2024 10:00;29,18
5/01/2024 9:00;32,77
5/01/2024 8:00;27,82
5/01/2024 7:00;23,86
5/01/2024 6:00;20,68
5/01/2024 5:00;14,18
5/01/2024 4:00;17,68
5/01/2024 3:00;10,86
5/01/2024 2:00;7,95
5/01/2024 1:00;7,14
5/01/2024 0:00;10,28
4/01/2024 23:00;15,77
4/01/2024 22:00;10,95
4/01/2024 21:00;9,91
4/01/2024 20:00;8,05
4/01/2024 19:00;8,86
4/01/2024 18:00;6
4/01/2024 17:00;6
4/01/2024 16:00;6,05
4/01/2024 15:00;6,91
4/01/2024 14:00;5,09
4/01/2024 13:00;7
4/01/2024 12:00;7,46
4/01/2024 11:00;17,6
4/01/2024 10:00;36,44
4/01/2024 8:00;22,04
4/01/2024 7:00;22,6
4/01/2024 6:00;12,96
4/01/2024 5:00;11,84
4/01/2024 4:00;7,96
4/01/2024 3:00;7,14
4/01/2024 2:00;11,04
4/01/2024 1:00;11,82
4/01/2024 0:00;7,04
3/01/2024 23:00;8,18
3/01/2024 22:00;12,86
3/01/2024 21:00;8,93
3/01/2024 20:00;7,12
3/01/2024 19:00;9,96
3/01/2024 18:00;8,96
3/01/2024 17:00;8
3/01/2024 16:00;8,11
3/01/2024 15:00;11,04
3/01/2024 14:00;11,86
3/01/2024 13:00;8
3/01/2024 12:00;8,14
3/01/2024 11:00;12,53
3/01/2024 10:00;27,35
3/01/2024 9:00;36,79
3/01/2024 8:00;31,21
3/01/2024 7:00;36,4
3/01/2024 6:00;19,68
3/01/2024 5:00;11,11
3/01/2024 4:00;13,89
3/01/2024 3:00;11,32
3/01/2024 2:00;19,79
3/01/2024 1:00;14,11
3/01/2024 0:00;17,04
2/01/2024 23:00;17,96
2/01/2024 22:00;16,72
2/01/2024 21:00;9,14
2/01/2024 20:00;12,79
2/01/2024 19:00;6,93
2/01/2024 18:00;4,89
2/01/2024 17:00;2,04
2/01/2024 16:00;3
2/01/2024 15:00;3,21
2/01/2024 14:00;9,14
2/01/2024 13:00;13,11
2/01/2024 12:00;19,04
2/01/2024 11:00;20,21
2/01/2024 10:00;25,68
2/01/2024 9:00;17,28
2/01/2024 8:00;24,96
2/01/2024 7:00;23,79
2/01/2024 6:00;17,72
2/01/2024 5:00;11,32
2/01/2024 4:00;18,4
2/01/2024 3:00;4,44
2/01/2024 2:00;14,88
2/01/2024 1:00;12,07
2/01/2024 0:00;14,04
1/01/2024 23:00;14,88
1/01/2024 22:00;12,36
1/01/2024 21:00;20,88
1/01/2024 20:00;17,72
1/01/2024 19:00;10,68
1/01/2024 18:00;3,12
1/01/2024 17:00;6,08
1/01/2024 16:00;7,84
1/01/2024 15:00;4
1/01/2024 14:00;4,16
1/01/2024 13:00;8,14
1/01/2024 12:00;14,68
1/01/2024 11:00;32,29
1/01/2024 10:00;62,32
1/01/2024 9:00;45,76
1/01/2024 8:00;40,97
1/01/2024 7:00;64,52
1/01/2024 6:00;77,24
1/01/2024 5:00;82,88
1/01/2024 4:00;80,32
1/01/2024 3:00;86,79
1/01/2024 2:00;56,91
1/01/2024 1:00;30,82
1/01/2024 0:00;26,04
31/12/2023 22:00;21,84
31/12/2023 21:00;17,76
31/12/2023 20:00;11,96
31/12/2023 19:00;11,04
31/12/2023 18:00;12,08
31/12/2023 17:00;13,96
31/12/2023 16:00;12,92
31/12/2023 15:00;11,04
31/12/2023 14:00;12,2
31/12/2023 13:00;16,98
31/12/2023 12:00;15,56
31/12/2023 11:00;5,4
31/12/2023 10:00;15,36
31/12/2023 9:00;24
31/12/2023 8:00;23,72
31/12/2023 7:00;17,08
31/12/2023 6:00;18,84
31/12/2023 5:00;15,4
31/12/2023 4:00;24,76
31/12/2023 3:00;19,32
31/12/2023 2:00;26,48
31/12/2023 1:00;13,93
31/12/2023 0:00;11,89
30/12/2023 23:00;9,04
30/12/2023 22:00;10,32
30/12/2023 21:00;17,76
30/12/2023 20:00;12,08
30/12/2023 19:00;13,72
30/12/2023 18:00;6,07
30/12/2023 17:00;8,18
30/12/2023 16:00;13,04
30/12/2023 15:00;13,65
30/12/2023 14:00;4
30/12/2023 13:00;4,11
30/12/2023 12:00;7,21
30/12/2023 11:00;13,46
30/12/2023 10:00;26,32
30/12/2023 9:00;34,72
30/12/2023 8:00;26,58
30/12/2023 7:00;15,11
30/12/2023 6:00;17,79
30/12/2023 5:00;11,96
30/12/2023 4:00;11,07
30/12/2023 3:00;12,89
30/12/2023 2:00;10,04
30/12/2023 1:00;10,93
30/12/2023 0:00;9,35
29/12/2023 23:00;19,11
29/12/2023 22:00;21,65
29/12/2023 21:00;12,21
29/12/2023 20:00;17,72
29/12/2023 19:00;10,07
29/12/2023 18:00;11,86
29/12/2023 17:00;7,75
29/12/2023 16:00;1,04
29/12/2023 15:00;2,14
29/12/2023 14:00;6,18
29/12/2023 13:00;11,04
29/12/2023 12:00;13
29/12/2023 11:00;13,67
29/12/2023 10:00;32
29/12/2023 9:00;32,04
29/12/2023 8:00;32,61
29/12/2023 7:00;21,88
29/12/2023 6:00;18,88
29/12/2023 5:00;16,2
29/12/2023 4:00;20,28
29/12/2023 3:00;3,52
29/12/2023 2:00;15,96
29/12/2023 1:00;15,04
29/12/2023 0:00;15,76
28/12/2023 23:00;10,04
28/12/2023 22:00;11,04
28/12/2023 21:00;12,12
28/12/2023 20:00;14,92
28/12/2023 19:00;13,12
28/12/2023 18:00;15,48
28/12/2023 17:00;2,96
28/12/2023 16:00;1,96
28/12/2023 15:00;1,16
28/12/2023 14:00;5,16
28/12/2023 13:00;8,95
28/12/2023 12:00;7,44
28/12/2023 11:00;18,16
28/12/2023 9:00;31,84
28/12/2023 8:00;27,76
28/12/2023 7:00;21,96
28/12/2023 6:00;21
28/12/2023 5:00;20,56
28/12/2023 4:00;10,16
28/12/2023 3:00;13,96
28/12/2023 2:00;13,2
28/12/2023 1:00;17,79
28/12/2023 0:00;12,08
27/12/2023 23:00;14,24
27/12/2023 22:00;19,72
27/12/2023 21:00;13,04
27/12/2023 20:00;13,72
27/12/2023 19:00;7,12
27/12/2023 18:00;9,88
27/12/2023 17:00;7
27/12/2023 16:00;6,88
27/12/2023 15:00;4,04
27/12/2023 14:00;5,2
27/12/2023 13:00;9,84
27/12/2023 12:00;6,48
27/12/2023 11:00;18
27/12/2023 10:00;18,16
27/12/2023 9:00;21,68
27/12/2023 8:00;14,24
27/12/2023 7:00;19,76
27/12/2023 6:00;13,68
27/12/2023 5:00;6,08
27/12/2023 4:00;8,12
27/12/2023 3:00;10,88
27/12/2023 2:00;7,92
27/12/2023 1:00;6,11
27/12/2023 0:00;9,16
26/12/2023 23:00;12,76
26/12/2023 22:00;7,2
26/12/2023 21:00;11,8
26/12/2023 20:00;7,12
26/12/2023 19:00;9,76
26/12/2023 18:00;4,28
26/12/2023 17:00;11,04
26/12/2023 16:00;11,68
26/12/2023 15:00;4,2
26/12/2023 14:00;8,96
26/12/2023 13:00;8,12
26/12/2023 12:00;13,24
26/12/2023 11:00;19,04
26/12/2023 10:00;20,36
26/12/2023 9:00;28,6
26/12/2023 8:00;19
26/12/2023 7:00;18,84
26/12/2023 6:00;14,84
26/12/2023 5:00;11
26/12/2023 4:00;10,8
26/12/2023 3:00;6,08
26/12/2023 2:00;8,12
26/12/2023 1:00;10,8
26/12/2023 0:00;6,12
25/12/2023 23:00;8,96
25/12/2023 22:00;8,04
25/12/2023 21:00;8,96
25/12/2023 20:00;8,08
25/12/2023 19:00;9,8
25/12/2023 18:00;4,96
25/12/2023 17:00;4,08
25/12/2023 16:00;6,24
25/12/2023 15:00;11,92
25/12/2023 14:00;9,76
25/12/2023 13:00;4,26
25/12/2023 12:00;14,96
25/12/2023 11:00;14,36
25/12/2023 10:00;23,4
25/12/2023 9:00;33,08
25/12/2023 8:00;35,04
25/12/2023 7:00;36,36
25/12/2023 6:00;44,72
25/12/2023 5:00;37,92
25/12/2023 4:00;35,84
25/12/2023 3:00;31,76
25/12/2023 2:00;25,96
25/12/2023 1:00;25,24
25/12/2023 0:00;31,2
24/12/2023 23:00;35,64
24/12/2023 22:00;26,6
24/12/2023 21:00;16,8
24/12/2023 20:00;11,68
24/12/2023 19:00;4,04
24/12/2023 18:00;4,96
24/12/2023 17:00;4,08
24/12/2023 16:00;5,96
24/12/2023 15:00;5
24/12/2023 14:00;5,04
24/12/2023 13:00;5,88
24/12/2023 12:00;3,12
24/12/2023 11:00;6,68
24/12/2023 10:00;23,04
24/12/2023 9:00;24,12
24/12/2023 8:00;26,84
24/12/2023 7:00;22,76
24/12/2023 6:00;16,72
24/12/2023 5:00;10,16
24/12/2023 4:00;13,96
24/12/2023 3:00;13,36
24/12/2023 2:00;21,68
24/12/2023 1:00;13,96
24/12/2023 0:00;13
23/12/2023 23:00;13,04
23/12/2023 22:00;13,96
23/12/2023 21:00;13
23/12/2023 20:00;12,92
23/12/2023 19:00;10,92
23/12/2023 18:00;8,84
23/12/2023 17:00;5,08
23/12/2023 16:00;7,2
23/12/2023 15:00;11,84
23/12/2023 14:00;8,08
23/12/2023 13:00;9,88
23/12/2023 12:00;7,4
23/12/2023 11:00;17,52
23/12/2023 10:00;30,2
23/12/2023 9:00;34,4
23/12/2023 8:00;20
23/12/2023 7:00;19,96
23/12/2023 6:00;19,68
23/12/2023 5:00;35,48
23/12/2023 4:00;22,76
23/12/2023 3:00;17,2
23/12/2023 2:00;22
23/12/2023 1:00;21,8
23/12/2023 0:00;17,12
22/12/2023 23:00;20,12
22/12/2023 22:00;22,68
22/12/2023 21:00;15
22/12/2023 20:00;14,84
22/12/2023 19:00;11,04
22/12/2023 18:00;11,92
22/12/2023 17:00;10,08
22/12/2023 16:00;12,12
22/12/2023 15:00;14,56
22/12/2023 14:00;4,12
22/12/2023 13:00;7,12
22/12/2023 12:00;12,29
22/12/2023 11:00;19,12
22/12/2023 10:00;22,08
22/12/2023 9:00;23,72
22/12/2023 8:00;17,04
22/12/2023 7:00;18,08
22/12/2023 6:00;20
22/12/2023 5:00;19,76
22/12/2023 4:00;14,04
22/12/2023 3:00;14,96
22/12/2023 2:00;14,08
22/12/2023 1:00;15,92
22/12/2023 0:00;14,4
21/12/2023 23:00;23,76
21/12/2023 22:00;18,36
21/12/2023 21:00;26,8
21/12/2023 20:00;21,8
21/12/2023 19:00;17
21/12/2023 18:00;17
21/12/2023 17:00;16,72
21/12/2023 16:00;10,28
21/12/2023 15:00;17
21/12/2023 14:00;17
21/12/2023 13:00;10,07
21/12/2023 12:00;13
21/12/2023 11:00;13,56
21/12/2023 10:00;27
21/12/2023 9:00;27
21/12/2023 8:00;27,08
21/12/2023 7:00;29,16
21/12/2023 6:00;33,16
21/12/2023 5:00;36,84
21/12/2023 4:00;32,56
21/12/2023 3:00;21,96
21/12/2023 2:00;20,8
21/12/2023 1:00;15,92
21/12/2023 0:00;14,32
20/12/2023 23:00;21,88
20/12/2023 22:00;19,12
20/12/2023 21:00;21,84
20/12/2023 20:00;17,72
20/12/2023 19:00;11
20/12/2023 18:00;10,84
20/12/2023 17:00;6,72
20/12/2023 15:00;14,96
20/12/2023 14:00;13,68
20/12/2023 13:00;6,04
20/12/2023 12:00;7,48
20/12/2023 11:00;19,16
20/12/2023 10:00;22,96
20/12/2023 9:00;22
20/12/2023 8:00;21,8
20/12/2023 7:00;16,84
20/12/2023 6:00;13,04
20/12/2023 5:00;13,84
20/12/2023 4:00;10,16
20/12/2023 3:00;13,84
20/12/2023 2:00;10,08
20/12/2023 1:00;12
20/12/2023 0:00;12,04
19/12/2023 23:00;13,24
19/12/2023 22:00;18,92
19/12/2023 21:00;17,08
19/12/2023 20:00;18,76
19/12/2023 19:00;12,92
19/12/2023 18:00;11,16
19/12/2023 17:00;15,4
19/12/2023 16:00;24,52
19/12/2023 15:00;13,2
19/12/2023 14:00;18,6
19/12/2023 13:00;32,86
19/12/2023 12:00;27,12
19/12/2023 11:00;30,4
19/12/2023 10:00;39,48
19/12/2023 9:00;26,84
19/12/2023 8:00;22,96
19/12/2023 7:00;21,68
19/12/2023 6:00;14,12
19/12/2023 5:00;16,96
19/12/2023 4:00;15,68
19/12/2023 3:00;8,2
19/12/2023 2:00;12,84
19/12/2023 1:00;9
19/12/2023 0:00;9,32
18/12/2023 23:00;17,64
18/12/2023 22:00;32,96
18/12/2023 21:00;31,52
18/12/2023 20:00;19,52
18/12/2023 19:00;8,64
18/12/2023 18:00;23,76
18/12/2023 17:00;17,92
18/12/2023 16:00;15,92
18/12/2023 15:00;13,8
18/12/2023 14:00;9,36
18/12/2023 13:00;18
18/12/2023 12:00;17,68
18/12/2023 11:00;10
18/12/2023 8:00;14
18/12/2023 7:00;19,68
18/12/2023 6:00;11,84
18/12/2023 5:00;8,28
18/12/2023 4:00;14,84
18/12/2023 3:00;10,88
18/12/2023 2:00;8,12
18/12/2023 1:00;11,04
18/12/2023 0:00;12,2
17/12/2023 23:00;16,72
17/12/2023 22:00;9,96
17/12/2023 21:00;9,2
17/12/2023 20:00;14,12
17/12/2023 19:00;16,68
17/12/2023 18:00;9,08
17/12/2023 17:00;11,36
17/12/2023 16:00;19,56
17/12/2023 15:00;9,08
17/12/2023 14:00;11,08
17/12/2023 13:00;13
17/12/2023 12:00;13,16
17/12/2023 11:00;17,72
17/12/2023 10:00;34,36
17/12/2023 9:00;19
17/12/2023 8:00;18,64
17/12/2023 7:00;10,08
17/12/2023 6:00;11,96
17/12/2023 5:00;11,2
17/12/2023 4:00;16,04
17/12/2023 3:00;16,92
17/12/2023 2:00;15
17/12/2023 1:00;15,08
17/12/2023 0:00;17,24
16/12/2023 23:00;22,64
16/12/2023 22:00;14,24
16/12/2023 21:00;19,72
16/12/2023 20:00;13,36
16/12/2023 19:00;21,92
16/12/2023 18:00;20,16
16/12/2023 17:00;23,92
16/12/2023 16:00;21,88
16/12/2023 15:00;18,8
16/12/2023 14:00;14,28
16/12/2023 13:00;21,21
16/12/2023 12:00;29,92
16/12/2023 11:00;28,2
16/12/2023 10:00;33,24
16/12/2023 9:00;39,52
16/12/2023 8:00;51,2
16/12/2023 7:00;31,68
16/12/2023 6:00;24,2
16/12/2023 5:00;28,68
16/12/2023 4:00;20,8
16/12/2023 3:00;16,04
16/12/2023 2:00;16,8
16/12/2023 1:00;12,16
16/12/2023 0:00;16,44
15/12/2023 23:00;26,6
15/12/2023 22:00;16,8
15/12/2023 21:00;12,04
15/12/2023 20:00;12,88
15/12/2023 19:00;10,16
15/12/2023 18:00;14,36
15/12/2023 17:00;22,48
15/12/2023 16:00;10
15/12/2023 15:00;10,12
15/12/2023 14:00;13,16
15/12/2023 13:00;17,12
15/12/2023 12:00;21,76
15/12/2023 11:00;16,12
15/12/2023 10:00;18,92
15/12/2023 9:00;17,12
15/12/2023 8:00;20
15/12/2023 7:00;19,76
15/12/2023 6:00;14,12
15/12/2023 5:00;16,84
15/12/2023 4:00;13,04
15/12/2023 3:00;13,84
15/12/2023 2:00;10,44
15/12/2023 1:00;20,92
15/12/2023 0:00;19,24
14/12/2023 23:00;25
14/12/2023 22:00;25,16
14/12/2023 21:00;28,68
14/12/2023 20:00;21
14/12/2023 19:00;20,52
14/12/2023 18:00;9,12
14/12/2023 17:00;12,2
14/12/2023 16:00;16,72
14/12/2023 15:00;10,04
14/12/2023 14:00;11,24
14/12/2023 13:00;17
14/12/2023 12:00;17,16
14/12/2023 11:00;21,84
14/12/2023 10:00;41,32
14/12/2023 9:00;25,28
14/12/2023 8:00;32,12
14/12/2023 7:00;34,36
14/12/2023 6:00;19,08
14/12/2023 5:00;20,52
14/12/2023 4:00;9,08
14/12/2023 3:00;10,96
14/12/2023 2:00;10,04
14/12/2023 1:00;11,32
14/12/2023 0:00;18,92
13/12/2023 23:00;16,88
13/12/2023 22:00;14,04
13/12/2023 21:00;20,03
13/12/2023 19:00;19,44
13/12/2023 18:00;5,96
13/12/2023 17:00;5
13/12/2023 16:00;5,08
13/12/2023 15:00;6,96
13/12/2023 14:00;6,08
13/12/2023 13:00;7,95
13/12/2023 12:00;6,04
13/12/2023 11:00;8,65
13/12/2023 9:00;44,72
13/12/2023 8:00;38
13/12/2023 7:00;37,68
13/12/2023 6:00;29,48
13/12/2023 5:00;16,88
13/12/2023 4:00;13,76
13/12/2023 3:00;8
13/12/2023 2:00;7,92
13/12/2023 1:00;6,12
13/12/2023 0:00;9,4
12/12/2023 23:00;18,84
12/12/2023 22:00;15,64
12/12/2023 21:00;30,2
12/12/2023 20:00;10,96
12/12/2023 19:00;10,12
12/12/2023 18:00;12,64
12/12/2023 17:00;4,2
12/12/2023 16:00;9,16
12/12/2023 15:00;12,88
12/12/2023 14:00;10,16
12/12/2023 13:00;13,88
12/12/2023 12:00;9,36
12/12/2023 11:00;18,72
12/12/2023 10:00;37,33
12/12/2023 9:00;67,59
12/12/2023 8:00;33,96
12/12/2023 7:00;33,16
12/12/2023 6:00;36,52
12/12/2023 5:00;25,08
12/12/2023 4:00;26,72
12/12/2023 3:00;20,08
12/12/2023 2:00;22,44
12/12/2023 1:00;32,36
12/12/2023 0:00;17,32
11/12/2023 23:00;24,72
11/12/2023 22:00;17,8
11/12/2023 21:00;12,92
11/12/2023 20:00;10,96
11/12/2023 19:00;9,92
11/12/2023 18:00;7,84
11/12/2023 17:00;4,07
11/12/2023 16:00;5,97
11/12/2023 15:00;5,1
11/12/2023 14:00;8,18
11/12/2023 13:00;12,93
11/12/2023 12:00;9
11/12/2023 10:00;11,53
11/12/2023 9:00;25,97
11/12/2023 8:00;24,51
11/12/2023 7:00;11,07
11/12/2023 6:00;12,86
11/12/2023 5:00;9,21
11/12/2023 4:00;15
11/12/2023 3:00;14,79
11/12/2023 2:00;9,07
11/12/2023 1:00;10,75
11/12/2023 0:00;4,04
10/12/2023 23:00;5,14
10/12/2023 22:00;9
10/12/2023 21:00;8,89
10/12/2023 20:00;5,96
10/12/2023 19:00;4,96
10/12/2023 18:00;4
10/12/2023 10:00;4,14
10/12/2023 4:00;6
10/12/2023 2:00;8,11
10/12/2023 1:00;10,96
10/12/2023 0:00;10,28
9/12/2023 22:00;9,88
9/12/2023 21:00;6,96
9/12/2023 20:00;6,08
9/12/2023 19:00;7,84
9/12/2023 18:00;4,04
9/12/2023 17:00;4,92
9/12/2023 15:00;4
9/12/2023 14:00;4,04
9/12/2023 13:00;5,09
9/12/2023 12:00;8,88
9/12/2023 11:00;6,04
9/12/2023 10:00;7,16
9/12/2023 9:00;11,16
9/12/2023 8:00;15,2
9/12/2023 7:00;19,68
9/12/2023 6:00;11,92
9/12/2023 5:00;10,12
9/12/2023 3:00;12,84
9/12/2023 2:00;9,36
9/12/2023 1:00;18,44
9/12/2023 0:00;28,6
8/12/2023 23:00;19,04
8/12/2023 22:00;19,76
8/12/2023 21:00;13,88
8/12/2023 20:00;11
8/12/2023 19:00;10,96
8/12/2023 18:00;9,72
8/12/2023 17:00;2,96
8/12/2023 16:00;1,92
8/12/2023 15:00;0,08
8/12/2023 14:00;2,04
8/12/2023 13:00;3,02
8/12/2023 12:00;4,2
8/12/2023 9:00;14
8/12/2023 8:00;14,44
8/12/2023 5:00;38,44
8/12/2023 4:00;25,08
8/12/2023 3:00;27,08
8/12/2023 2:00;29,04
8/12/2023 1:00;30,36
8/12/2023 0:00;38,44
7/12/2023 23:00;25,44
7/12/2023 21:00;18,12
7/12/2023 20:00;20,68
7/12/2023 19:00;12,93
7/12/2023 18:00;11
7/12/2023 17:00;10,97
7/12/2023 16:00;9,93
7/12/2023 15:00;8
7/12/2023 14:00;8,18
7/12/2023 13:00;12,96
7/12/2023 12:00;11,18
7/12/2023 11:00;16,63
7/12/2023 10:00;34,04
7/12/2023 9:00;35,35
7/12/2023 8:00;44,75
7/12/2023 7:00;37,21
7/12/2023 6:00;14,89
7/12/2023 5:00;11,97
7/12/2023 4:00;11,24
7/12/2023 3:00;17,65
7/12/2023 2:00;8,28
7/12/2023 1:00;15,86
7/12/2023 0:00;12,25
6/12/2023 23:00;18,75
6/12/2023 22:00;11,89
6/12/2023 21:00;9,07
6/12/2023 20:00;11,35
6/12/2023 19:00;20,47
6/12/2023 18:00;5,93
6/12/2023 17:00;3,96
6/12/2023 16:00;2,96
6/12/2023 15:00;2,04
6/12/2023 14:00;3,14
6/12/2023 13:00;7,11
6/12/2023 12:00;12,96
6/12/2023 11:00;12,42
6/12/2023 10:00;24,63
6/12/2023 9:00;41,61
6/12/2023 8:00;31,28
6/12/2023 7:00;38,19
6/12/2023 6:00;16,32
6/12/2023 5:00;24,86
6/12/2023 4:00;20,89
6/12/2023 3:00;18,07
6/12/2023 2:00;20
6/12/2023 1:00;19,79
6/12/2023 0:00;14
5/12/2023 23:00;13,82
5/12/2023 22:00;9,14
5/12/2023 21:00;12,93
5/12/2023 20:00;10,96
5/12/2023 19:00;9,89
5/12/2023 18:00;6,89
5/12/2023 17:00;4,07
5/12/2023 16:00;6,04
5/12/2023 15:00;7,18
5/12/2023 14:00;12,1
5/12/2023 13:00;15,04
5/12/2023 12:00;17,41
5/12/2023 11:00;29,55
5/12/2023 10:00;44,79
5/12/2023 9:00;39,97
5/12/2023 8:00;65,52
5/12/2023 7:00;23,76
5/12/2023 6:00;17
5/12/2023 5:00;17,17
5/12/2023 4:00;21,83
5/12/2023 3:00;17,24
5/12/2023 2:00;23,83
5/12/2023 1:00;18,82
5/12/2023 0:00;14
4/12/2023 23:00;14,03
4/12/2023 22:00;15,14
4/12/2023 21:00;18,93
4/12/2023 20:00;17,07
4/12/2023 19:00;18,79
4/12/2023 18:00;12,83
4/12/2023 17:00;8,07
4/12/2023 16:00;9,79
4/12/2023 15:00;4,03
4/12/2023 14:00;5,04
4/12/2023 13:00;6,14
4/12/2023 12:00;9,97
4/12/2023 11:00;9,41
4/12/2023 10:00;21,21
4/12/2023 9:00;27,07
4/12/2023 8:00;29,1
4/12/2023 7:00;31,66
4/12/2023 6:00;21,76
4/12/2023 5:00;15,07
4/12/2023 4:00;16,93
4/12/2023 3:00;15
4/12/2023 2:00;14,83
4/12/2023 1:00;10,49
4/12/2023 0:00;23,62
3/12/2023 23:00;12,79
3/12/2023 22:00;6,97
3/12/2023 21:00;6,31
3/12/2023 20:00;14,9
3/12/2023 19:00;11,86
3/12/2023 18:00;7,9
3/12/2023 17:00;5
3/12/2023 16:00;5,1
3/12/2023 15:00;8
3/12/2023 14:00;7,97
3/12/2023 13:00;7,26
3/12/2023 12:00;21,97
3/12/2023 11:00;21,31
3/12/2023 10:00;30,1
3/12/2023 9:00;33,41
3/12/2023 8:00;44,52
3/12/2023 7:00;30,72
3/12/2023 6:00;22,9
3/12/2023 5:00;19,72
3/12/2023 4:00;12,17
3/12/2023 3:00;17,1
3/12/2023 2:00;19,93
3/12/2023 1:00;17,82
3/12/2023 0:00;13
2/12/2023 23:00;13,04
2/12/2023 22:00;14,14
2/12/2023 21:00;17,75
2/12/2023 20:00;11,07
2/12/2023 19:00;12,75
2/12/2023 18:00;5,93
2/12/2023 17:00;4,07
2/12/2023 16:00;6,04
2/12/2023 15:00;7,04
2/12/2023 14:00;7,86
2/12/2023 13:00;4,02
2/12/2023 12:00;5,07
2/12/2023 11:00;7,49
2/12/2023 10:00;22,37
2/12/2023 9:00;59,75
2/12/2023 8:00;52,09
2/12/2023 7:00;27,07
2/12/2023 6:00;28,47
2/12/2023 5:00;14,07
2/12/2023 4:00;15,86
2/12/2023 3:00;11,86
2/12/2023 2:00;8,07
2/12/2023 1:00;10,18
2/12/2023 0:00;14,93
1/12/2023 23:00;13
1/12/2023 22:00;13,21
1/12/2023 21:00;18,75
1/12/2023 20:00;12
1/12/2023 19:00;11,86
1/12/2023 18:00;7,93
1/12/2023 17:00;5,96
1/12/2023 16:00;5,1
1/12/2023 15:00;7,97
1/12/2023 14:00;7,03
1/12/2023 13:00;8,02
1/12/2023 12:00;9,07
1/12/2023 11:00;11,66
1/12/2023 10:00;30,17
1/12/2023 9:00;35,17
1/12/2023 8:00;39,55
1/12/2023 7:00;26,72
1/12/2023 6:00;18,97
1/12/2023 5:00;18,03
1/12/2023 4:00;19
1/12/2023 3:00;19,07
1/12/2023 2:00;20,79
1/12/2023 1:00;15,11
1/12/2023 0:00;17,97
28/02/2024 22:59;16,09
28/02/2024 21:59;16,21
28/02/2024 20:59;15,86
28/02/2024 19:59;13,44
28/02/2024 18:59;13,02
28/02/2024 17:59;17,06
28/02/2024 16:59;14,03
28/02/2024 15:59;11,78
28/02/2024 13:59;9,12
28/02/2024 12:59;9,76
28/02/2024 11:59;8,41
28/02/2024 10:59;6,62
28/02/2024 9:59;7,3
28/02/2024 8:59;9,23
28/02/2024 7:59;9,76
28/02/2024 6:59;11,65
28/02/2024 5:59;15,39
28/02/2024 4:59;12,44
28/02/2024 3:59;16,5
28/02/2024 2:59;21,32
28/02/2024 1:59;21
28/02/2024 0:59;21,16
27/02/2024 23:59;18,99
27/02/2024 22:59;18,49
27/02/2024 21:59;19,8
27/02/2024 20:59;14,58
27/02/2024 19:59;13,25
27/02/2024 18:59;13,64
27/02/2024 17:59;15,46
27/02/2024 16:59;16,75
27/02/2024 15:59;12,05
27/02/2024 14:59;15,05
27/02/2024 13:59;11,72
27/02/2024 12:59;11,31
27/02/2024 11:59;12,1
27/02/2024 10:59;12,58
27/02/2024 9:59;14,17
27/02/2024 8:59;16,73
27/02/2024 7:59;18,14
27/02/2024 6:59;21,99
27/02/2024 5:59;17,05
27/02/2024 4:59;14,92
27/02/2024 3:59;15,64
27/02/2024 2:59;13,65
27/02/2024 1:59;14,62
27/02/2024 0:59;17,22
26/02/2024 23:59;17,94
26/02/2024 22:59;17,71
26/02/2024 21:59;16,35
26/02/2024 20:59;14,43
26/02/2024 19:59;13,36
26/02/2024 18:59;12,56
26/02/2024 17:59;10,18
26/02/2024 16:59;8,77
26/02/2024 15:59;9,03
26/02/2024 14:59;9,04
26/02/2024 13:59;9,52
26/02/2024 12:59;9,21
26/02/2024 11:59;9,45
26/02/2024 10:59;9,5
26/02/2024 9:59;12,14
26/02/2024 8:59;15,57
26/02/2024 7:59;24,68
26/02/2024 6:59;21,61
26/02/2024 5:59;21,22
26/02/2024 4:59;16,87
26/02/2024 3:59;16,09
26/02/2024 2:59;13,26
26/02/2024 1:59;12,19
26/02/2024 0:59;11,18
25/02/2024 23:59;12,77
25/02/2024 22:59;13,78
25/02/2024 21:59;14,47
25/02/2024 20:59;11,31
25/02/2024 19:59;11,49
25/02/2024 18:59;9,34
25/02/2024 17:59;9,97
25/02/2024 16:59;9,74
25/02/2024 15:59;9,37
25/02/2024 14:59;8,47
25/02/2024 13:59;7,87
25/02/2024 12:59;7,54
25/02/2024 11:59;6,66
25/02/2024 10:59;6,34
25/02/2024 9:59;10,02
25/02/2024 8:59;18
25/02/2024 7:59;27,37
25/02/2024 6:59;26,83
25/02/2024 5:59;21,89
25/02/2024 4:59;21,08
25/02/2024 3:59;23,47
25/02/2024 2:59;19,72
25/02/2024 1:59;13,68
25/02/2024 0:59;11,43
24/02/2024 23:59;12,02
24/02/2024 22:59;11,83
24/02/2024 21:59;12,7
24/02/2024 20:59;11,64
24/02/2024 19:59;14,35
24/02/2024 18:59;10,96
24/02/2024 17:59;9,98
24/02/2024 16:59;9,02
24/02/2024 15:59;10,36
24/02/2024 14:59;9,95
24/02/2024 13:59;8,84
24/02/2024 12:59;6,84
24/02/2024 11:59;8,7
24/02/2024 10:59;9,6
24/02/2024 9:59;10,69
24/02/2024 8:59;15,71
24/02/2024 7:59;19,72
24/02/2024 6:59;20,28
24/02/2024 5:59;16,59
24/02/2024 4:59;14
24/02/2024 3:59;13,07
24/02/2024 2:59;13,09
24/02/2024 1:59;13,97
24/02/2024 0:59;13,76
23/02/2024 23:59;14,2
23/02/2024 22:59;9,95
23/02/2024 21:59;10,16
23/02/2024 20:59;8,57
23/02/2024 19:59;9,77
23/02/2024 18:59;9,48
23/02/2024 17:59;7,27
23/02/2024 16:59;6,44
23/02/2024 15:59;5,7
23/02/2024 14:59;5,6
23/02/2024 13:59;5,71
23/02/2024 12:59;4,44
23/02/2024 11:59;3,88
23/02/2024 10:59;4,31
23/02/2024 9:59;6,58
23/02/2024 8:59;11,19
23/02/2024 7:59;18,18
23/02/2024 6:59;20,55
23/02/2024 5:59;10,55
23/02/2024 4:59;6,8
23/02/2024 3:59;4,62
23/02/2024 2:59;4,19
23/02/2024 1:59;4,03
23/02/2024 0:59;4,04
22/02/2024 23:59;4,02
22/02/2024 22:59;3,94
22/02/2024 21:59;3,69
22/02/2024 20:59;3,48
22/02/2024 19:59;4,38
22/02/2024 18:59;4,12
22/02/2024 17:59;2,2
22/02/2024 16:59;2,47
22/02/2024 15:59;2,27
22/02/2024 14:59;2,27
22/02/2024 13:59;1,78
22/02/2024 12:59;1,63
22/02/2024 11:59;1,47
22/02/2024 10:59;1,34
22/02/2024 9:59;7,61
22/02/2024 8:59;19,98
22/02/2024 7:59;26,2
22/02/2024 6:59;29,13
22/02/2024 5:59;25,36
22/02/2024 4:59;15,82
22/02/2024 3:59;11,41
22/02/2024 2:59;12,79
22/02/2024 1:59;14,61
22/02/2024 0:59;9,01
21/02/2024 23:59;8,6
21/02/2024 22:59;12,23
21/02/2024 21:59;7,93
21/02/2024 20:59;6,03
21/02/2024 19:59;6,74
21/02/2024 18:59;7,48
21/02/2024 17:59;6,2
21/02/2024 16:59;5,29
21/02/2024 15:59;5,14
21/02/2024 14:59;4,93
21/02/2024 13:59;5,16
21/02/2024 12:59;4,64
21/02/2024 11:59;4,53
21/02/2024 10:59;3,83
21/02/2024 9:59;9,98
21/02/2024 8:59;21,3
21/02/2024 7:59;22,37
21/02/2024 6:59;26,77
21/02/2024 5:59;22,88
21/02/2024 4:59;14,78
21/02/2024 3:59;7,86
21/02/2024 2:59;7,59
21/02/2024 1:59;7,18
21/02/2024 0:59;7,24
20/02/2024 23:59;7
20/02/2024 22:59;4,13
20/02/2024 21:59;4,52
20/02/2024 20:59;5,12
20/02/2024 19:59;4,68
20/02/2024 18:59;4,62
20/02/2024 17:59;4,46
20/02/2024 16:59;3,37
20/02/2024 15:59;4,06
20/02/2024 14:59;4,43
20/02/2024 13:59;5,85
20/02/2024 12:59;6,08
20/02/2024 11:59;6,68
20/02/2024 10:59;11,27
20/02/2024 9:59;14,19
20/02/2024 8:59;14,59
20/02/2024 7:59;22,59
20/02/2024 6:59;26,93
20/02/2024 5:59;18,34
20/02/2024 4:59;15,09
20/02/2024 3:59;10,42
20/02/2024 2:59;9,58
20/02/2024 1:59;8,52
20/02/2024 0:59;7,75
19/02/2024 23:59;9,2
19/02/2024 22:59;6,79
19/02/2024 21:59;6,18
19/02/2024 20:59;6,01
19/02/2024 19:59;6,95
19/02/2024 18:59;6,43
19/02/2024 17:59;6,18
19/02/2024 15:59;6,32
19/02/2024 14:59;5,99
19/02/2024 13:59;6,3
19/02/2024 12:59;6,44
19/02/2024 11:59;7,23
19/02/2024 10:59;8,39
19/02/2024 9:59;9,92
19/02/2024 8:59;17,12
19/02/2024 7:59;27,82
19/02/2024 6:59;28,32
19/02/2024 5:59;19,78
19/02/2024 4:59;17,28
19/02/2024 3:59;11,28
19/02/2024 2:59;9,25
19/02/2024 1:59;8,61
19/02/2024 0:59;6,98
18/02/2024 23:59;6,5
18/02/2024 22:59;7,69
18/02/2024 21:59;7,01
18/02/2024 20:59;7,44
18/02/2024 19:59;6,95
18/02/2024 18:59;6,15
18/02/2024 17:59;5,81
18/02/2024 16:59;5,04
18/02/2024 15:59;4,26
18/02/2024 14:59;4,12
18/02/2024 13:59;4,23
18/02/2024 12:59;4,41
18/02/2024 11:59;4,22
18/02/2024 10:59;4,2
18/02/2024 9:59;5,82
18/02/2024 8:59;12,84
18/02/2024 7:59;14,24
18/02/2024 6:59;15,08
18/02/2024 5:59;14,09
18/02/2024 4:59;12,01
18/02/2024 3:59;10,6
18/02/2024 2:59;10,13
18/02/2024 1:59;5,81
18/02/2024 0:59;4,45
17/02/2024 23:59;5,89
17/02/2024 22:59;7,69
17/02/2024 21:59;4,17
17/02/2024 20:59;6,5
17/02/2024 19:59;8,45
17/02/2024 18:59;6,51
17/02/2024 17:59;5,66
17/02/2024 16:59;4,33
17/02/2024 15:59;5,54
17/02/2024 14:59;6,53
17/02/2024 13:59;5,4
17/02/2024 12:59;4,28
17/02/2024 11:59;5,15
17/02/2024 10:59;5,68
17/02/2024 9:59;4,65
17/02/2024 8:59;6,4
17/02/2024 7:59;6,28
17/02/2024 6:59;5,93
17/02/2024 5:59;8,32
17/02/2024 4:59;4,78
17/02/2024 3:59;5,34
17/02/2024 2:59;5,07
17/02/2024 1:59;3,49
17/02/2024 0:59;4,7
16/02/2024 23:59;5,68
16/02/2024 22:59;3,11
16/02/2024 21:59;2,73
16/02/2024 20:59;2,8
16/02/2024 19:59;3,06
16/02/2024 18:59;2,38
16/02/2024 17:59;3,05
16/02/2024 16:59;2,97
16/02/2024 15:59;3,39
16/02/2024 14:59;4,06
16/02/2024 13:59;3,3
16/02/2024 11:59;3,69
16/02/2024 10:59;4,91
16/02/2024 9:59;6
16/02/2024 8:59;5,3
16/02/2024 7:59;7,27
16/02/2024 6:59;9,78
16/02/2024 5:59;13,39
16/02/2024 4:59;14,91
16/02/2024 3:59;12,5
16/02/2024 2:59;6,75
16/02/2024 1:59;5,03
16/02/2024 0:59;4,31
15/02/2024 23:59;7,64
15/02/2024 22:59;9,53
15/02/2024 21:59;8,26
15/02/2024 20:59;7,99
15/02/2024 19:59;7,76
15/02/2024 18:59;7,98
15/02/2024 17:59;8,21
15/02/2024 16:59;7,23
15/02/2024 15:59;5,64
15/02/2024 14:59;5,01
15/02/2024 13:59;4,71
15/02/2024 12:59;4,87
15/02/2024 11:59;6,85
15/02/2024 10:59;6,97
15/02/2024 9:59;6,88
15/02/2024 8:59;8,27
15/02/2024 7:59;8,63
15/02/2024 6:59;12,15
15/02/2024 5:59;14,84
15/02/2024 4:59;13,35
15/02/2024 3:59;13,79
15/02/2024 2:59;14,06
15/02/2024 1:59;12,51
15/02/2024 0:59;11,99
14/02/2024 23:59;12,07
14/02/2024 22:59;11,6
14/02/2024 21:59;14,91
14/02/2024 20:59;15,99
14/02/2024 19:59;13,9
14/02/2024 18:59;9,09
14/02/2024 17:59;8,68
14/02/2024 16:59;8,34
14/02/2024 15:59;8,13
14/02/2024 14:59;7,33
14/02/2024 13:59;7,13
14/02/2024 12:59;5,7
14/02/2024 11:59;4,98
14/02/2024 10:59;4,94
14/02/2024 9:59;3,88
14/02/2024 8:59;4,71
14/02/2024 7:59;10,27
14/02/2024 6:59;13,4
14/02/2024 5:59;14,28
14/02/2024 4:59;12,87
14/02/2024 3:59;16,22
14/02/2024 2:59;12,58
14/02/2024 1:59;10,43
14/02/2024 0:59;11,44
13/02/2024 23:59;10,91
13/02/2024 22:59;10,55
13/02/2024 21:59;10
13/02/2024 20:59;9,27
13/02/2024 19:59;8,72
13/02/2024 18:59;8,91
13/02/2024 17:59;8,69
13/02/2024 16:59;6,5
13/02/2024 15:59;5,84
13/02/2024 14:59;6,02
13/02/2024 13:59;5,3
13/02/2024 12:59;4,68
13/02/2024 11:59;5,71
13/02/2024 10:59;9,9
13/02/2024 9:59;13,39
13/02/2024 8:59;13,86
13/02/2024 7:59;24,1
13/02/2024 6:59;26,92
13/02/2024 5:59;27,02
13/02/2024 4:59;18,58
13/02/2024 3:59;18,21
13/02/2024 2:59;11,75
13/02/2024 1:59;11,08
13/02/2024 0:59;9,25
12/02/2024 23:59;8,71
12/02/2024 22:59;8,92
12/02/2024 21:59;8,68
12/02/2024 20:59;9,17
12/02/2024 19:59;8,78
12/02/2024 18:59;8,81
12/02/2024 17:59;7,27
12/02/2024 16:59;6,13
12/02/2024 15:59;3,41
12/02/2024 14:59;2,77
12/02/2024 13:59;2,64
12/02/2024 12:59;3,09
12/02/2024 11:59;3,24
12/02/2024 10:59;4,04
12/02/2024 9:59;4,83
12/02/2024 8:59;11,17
12/02/2024 7:59;21,76
12/02/2024 6:59;20,93
12/02/2024 5:59;13,69
12/02/2024 4:59;8,71
12/02/2024 3:59;7,68
12/02/2024 2:59;8,49
12/02/2024 1:59;7,05
12/02/2024 0:59;6,43
11/02/2024 23:59;6,36
11/02/2024 22:59;6,07
11/02/2024 21:59;5,66
11/02/2024 20:59;5,61
11/02/2024 19:59;4,39
11/02/2024 18:59;4,45
11/02/2024 17:59;4,48
11/02/2024 16:59;3,2
11/02/2024 15:59;2,38
11/02/2024 14:59;3,36
11/02/2024 13:59;2,61
11/02/2024 12:59;2,76
11/02/2024 11:59;2,47
11/02/2024 10:59;2,7
11/02/2024 9:59;3,61
11/02/2024 8:59;6,52
11/02/2024 7:59;12,51
11/02/2024 6:59;11,01
11/02/2024 5:59;9,7
11/02/2024 4:59;9,18
11/02/2024 3:59;8,22
11/02/2024 2:59;3,34
11/02/2024 1:59;5,11
11/02/2024 0:59;5,92
10/02/2024 23:59;3,83
10/02/2024 22:59;2,47
10/02/2024 21:59;4,66
10/02/2024 20:59;6,35
10/02/2024 19:59;4,57
10/02/2024 18:59;4,84
10/02/2024 17:59;3,93
10/02/2024 16:59;3,26
10/02/2024 15:59;3,32
10/02/2024 14:59;2,92
10/02/2024 13:59;3,02
10/02/2024 12:59;3,16
10/02/2024 11:59;2,98
10/02/2024 10:59;2,97
10/02/2024 9:59;3,79
10/02/2024 8:59;3,63
10/02/2024 7:59;4,88
10/02/2024 6:59;8,03
10/02/2024 5:59;7,14
10/02/2024 4:59;7,35
10/02/2024 3:59;7
10/02/2024 2:59;4,28
10/02/2024 1:59;4,64
10/02/2024 0:59;4,16
9/02/2024 23:59;3,59
9/02/2024 22:59;4,25
9/02/2024 21:59;3,97
9/02/2024 20:59;3,88
9/02/2024 19:59;4,4
9/02/2024 18:59;4,17
9/02/2024 17:59;3,45
9/02/2024 16:59;2,68
9/02/2024 15:59;2,52
9/02/2024 14:59;2,86
9/02/2024 13:59;1,97
9/02/2024 12:59;3,59
9/02/2024 11:59;4
9/02/2024 10:59;3,45
9/02/2024 9:59;3,88
9/02/2024 8:59;3,13
9/02/2024 7:59;3,52
9/02/2024 6:59;3,83
9/02/2024 5:59;4,29
9/02/2024 4:59;8,28
9/02/2024 3:59;9,29
9/02/2024 2:59;5,54
9/02/2024 1:59;6,86
9/02/2024 0:59;7,53
8/02/2024 23:59;5,75
8/02/2024 22:59;5,75
8/02/2024 21:59;10,03
8/02/2024 20:59;6,04
8/02/2024 19:59;11,79
8/02/2024 18:59;9,43
8/02/2024 17:59;6,46
8/02/2024 16:59;3,83
8/02/2024 15:59;4,2
8/02/2024 14:59;4,69
8/02/2024 13:59;5,93
8/02/2024 12:59;5,49
8/02/2024 11:59;4,79
8/02/2024 10:59;6,14
8/02/2024 9:59;5,78
8/02/2024 8:59;19,53
8/02/2024 7:59;18,74
8/02/2024 6:59;22,36
8/02/2024 5:59;27,86
8/02/2024 4:59;22,75
8/02/2024 3:59;10,99
8/02/2024 2:59;13,82
8/02/2024 1:59;11,55
8/02/2024 0:59;5,28
7/02/2024 23:59;4,4
7/02/2024 22:59;6,33
7/02/2024 21:59;6,61
7/02/2024 20:59;6,91
7/02/2024 19:59;4,62
7/02/2024 18:59;7,65
7/02/2024 17:59;7,04
7/02/2024 16:59;3,63
7/02/2024 15:59;2,94
7/02/2024 14:59;3,09
7/02/2024 13:59;2,53
7/02/2024 12:59;3,18
7/02/2024 11:59;2,69
7/02/2024 10:59;2,41
7/02/2024 9:59;3,09
7/02/2024 8:59;3,45
7/02/2024 7:59;8,52
7/02/2024 6:59;9,34
7/02/2024 5:59;11,18
7/02/2024 4:59;8,84
7/02/2024 3:59;13,24
7/02/2024 2:59;11,79
7/02/2024 1:59;9,31
7/02/2024 0:59;9,03
6/02/2024 23:59;10,82
6/02/2024 22:59;9,01
6/02/2024 21:59;9,27
6/02/2024 20:59;9
6/02/2024 19:59;8,1
6/02/2024 18:59;5,14
6/02/2024 17:59;4,13
6/02/2024 16:59;4,41
6/02/2024 15:59;2,73
6/02/2024 14:59;2,36
6/02/2024 12:59;2,31
6/02/2024 11:59;4,75
6/02/2024 10:59;8,44
6/02/2024 9:59;5,93
6/02/2024 8:59;3,86
6/02/2024 7:59;6,11
6/02/2024 6:59;8,3
6/02/2024 5:59;6,09
6/02/2024 4:59;6,68
6/02/2024 3:59;7,27
6/02/2024 2:59;7,87
6/02/2024 1:59;8,2
6/02/2024 0:59;8,32
5/02/2024 23:59;5,64
5/02/2024 22:59;5,94
5/02/2024 21:59;5,42
5/02/2024 20:59;4,03
5/02/2024 19:59;3,09
5/02/2024 18:59;2,42
5/02/2024 17:59;1,48
5/02/2024 16:59;2,69
5/02/2024 15:59;3,65
5/02/2024 14:59;4,92
5/02/2024 13:59;9,14
5/02/2024 12:59;3,7
5/02/2024 11:59;4,57
5/02/2024 10:59;5,94
5/02/2024 9:59;5,27
5/02/2024 8:59;7,34
5/02/2024 7:59;6,21
5/02/2024 6:59;6,47
5/02/2024 5:59;4,69
5/02/2024 4:59;6,07
5/02/2024 3:59;4,01
5/02/2024 2:59;3,92
5/02/2024 1:59;2,43
5/02/2024 0:59;2,68
4/02/2024 23:59;4,03
4/02/2024 22:59;4,94
4/02/2024 21:59;4,38
4/02/2024 20:59;4,53
4/02/2024 19:59;4,05
4/02/2024 18:59;3,62
4/02/2024 17:59;3,47
4/02/2024 16:59;2,58
4/02/2024 15:59;2,07
4/02/2024 14:59;2,12
4/02/2024 13:59;2,34
4/02/2024 12:59;2,8
4/02/2024 11:59;2,39
4/02/2024 10:59;4,11
4/02/2024 9:59;5,41
4/02/2024 8:59;7,82
4/02/2024 7:59;5,91
4/02/2024 6:59;6,05
4/02/2024 5:59;5,66
4/02/2024 4:59;2,52
4/02/2024 3:59;1,52
4/02/2024 1:59;5,64
4/02/2024 0:59;5,86
3/02/2024 23:59;6,92
3/02/2024 22:59;7,65
3/02/2024 21:59;7,91
3/02/2024 20:59;10,27
3/02/2024 19:59;8,7
3/02/2024 18:59;6,77
3/02/2024 17:59;5,63
3/02/2024 16:59;5,63
3/02/2024 15:59;4,77
3/02/2024 13:59;4,1
3/02/2024 12:59;4,03
3/02/2024 11:59;7,22
3/02/2024 10:59;8,72
3/02/2024 9:59;9,65
3/02/2024 8:59;10,9
3/02/2024 7:59;16,5
3/02/2024 6:59;17,65
3/02/2024 5:59;15,04
3/02/2024 4:59;12,33
3/02/2024 3:59;13,1
3/02/2024 2:59;12,09
3/02/2024 1:59;10,35
3/02/2024 0:59;8,16
2/02/2024 23:59;9,37
2/02/2024 22:59;9,73
2/02/2024 21:59;10,96
2/02/2024 20:59;11,95
2/02/2024 19:59;11,41
2/02/2024 18:59;12,16
2/02/2024 17:59;12,58
2/02/2024 16:59;7,94
2/02/2024 15:59;4,71
2/02/2024 14:59;4,4
2/02/2024 13:59;6,03
2/02/2024 12:59;5,69
2/02/2024 11:59;6,3
2/02/2024 10:59;7
2/02/2024 9:59;7,31
2/02/2024 8:59;8,97
2/02/2024 7:59;12,97
2/02/2024 6:59;19,35
2/02/2024 5:59;13,78
2/02/2024 4:59;10,34
2/02/2024 3:59;10,73
2/02/2024 2:59;10,05
2/02/2024 1:59;11,13
2/02/2024 0:59;9,66
1/02/2024 23:59;10,68
1/02/2024 22:59;10,2
1/02/2024 21:59;10,65
1/02/2024 20:59;13,37
1/02/2024 19:59;13,09
1/02/2024 18:59;14,14
1/02/2024 17:59;14,45
1/02/2024 16:59;13,55
1/02/2024 15:59;11,87
1/02/2024 14:59;6,71
1/02/2024 13:59;6,91
1/02/2024 12:59;6,98
1/02/2024 11:59;6,25
1/02/2024 10:59;7,55
1/02/2024 9:59;9,16
1/02/2024 8:59;15,2
1/02/2024 7:59;17,31
1/02/2024 6:59;16,55
1/02/2024 5:59;13,78
1/02/2024 4:59;12,96
1/02/2024 3:59;8,37
1/02/2024 2:59;9,04
1/02/2024 1:59;6,09
1/02/2024 0:59;8,22
31/01/2024 23:59;9,12
31/01/2024 22:59;10,33
31/01/2024 21:59;9,59
31/01/2024 20:59;8,9
31/01/2024 19:59;9,55
31/01/2024 18:59;14,77
31/01/2024 17:59;16,26
31/01/2024 16:59;13,4
31/01/2024 15:59;9,24
31/01/2024 14:59;6,82
31/01/2024 13:59;6,59
31/01/2024 12:59;6,81
31/01/2024 11:59;8,01
31/01/2024 10:59;6,36
31/01/2024 9:59;12,09
31/01/2024 8:59;32,63
31/01/2024 7:59;29,68
31/01/2024 6:59;32,21
31/01/2024 5:59;31,21
31/01/2024 4:59;31,15
31/01/2024 3:59;25,06
31/01/2024 2:59;21
31/01/2024 1:59;16,39
31/01/2024 0:59;13,58
30/01/2024 23:59;13,93
30/01/2024 22:59;12,45
30/01/2024 21:59;16,29
30/01/2024 20:59;14,26
30/01/2024 19:59;12,85
30/01/2024 18:59;11,38
30/01/2024 17:59;10,74
30/01/2024 16:59;11,69
30/01/2024 15:59;11,25
30/01/2024 14:59;8,5
30/01/2024 13:59;5,83
30/01/2024 12:59;8,65
30/01/2024 11:59;10,42
30/01/2024 10:59;10,41
30/01/2024 9:59;13,84
30/01/2024 8:59;41,33
30/01/2024 7:59;36,01
30/01/2024 6:59;25,72
30/01/2024 5:59;24,99
30/01/2024 4:59;24,65
30/01/2024 3:59;19,46
30/01/2024 2:59;16,03
30/01/2024 1:59;13,62
30/01/2024 0:59;13,04
29/01/2024 23:59;15,8
29/01/2024 22:59;16,73
29/01/2024 21:59;15,32
29/01/2024 20:59;16,67
29/01/2024 19:59;13,25
29/01/2024 18:59;9,73
29/01/2024 17:59;10,67
29/01/2024 16:59;12,23
29/01/2024 15:59;11,84
29/01/2024 14:59;11,34
29/01/2024 13:59;4,28
29/01/2024 12:59;3,5
29/01/2024 11:59;3,75
29/01/2024 10:59;6,26
29/01/2024 9:59;9,84
29/01/2024 8:59;9,2
29/01/2024 7:59;10,36
29/01/2024 6:59;11,78
29/01/2024 5:59;11,86
29/01/2024 4:59;11,49
29/01/2024 3:59;12,8
29/01/2024 2:59;12,16
29/01/2024 1:59;12,39
29/01/2024 0:59;12,34
28/01/2024 23:59;12,43
28/01/2024 22:59;12,58
28/01/2024 21:59;12,03
28/01/2024 20:59;10,82
28/01/2024 19:59;10,15
28/01/2024 18:59;9,03
28/01/2024 16:59;11,19
28/01/2024 15:59;10,99
28/01/2024 14:59;11,15
28/01/2024 13:59;10,84
28/01/2024 12:59;11,41
28/01/2024 11:59;12,47
28/01/2024 10:59;13,21
28/01/2024 9:59;14,22
28/01/2024 8:59;20,25
28/01/2024 7:59;25,44
28/01/2024 6:59;29,27
28/01/2024 5:59;31,12
28/01/2024 4:59;34,02
28/01/2024 3:59;30,4
28/01/2024 2:59;25,18
28/01/2024 1:59;20,17
28/01/2024 0:59;22,06
27/01/2024 23:59;22,4
27/01/2024 22:59;20,43
27/01/2024 21:59;17,2
27/01/2024 20:59;23,61
27/01/2024 19:59;17,24
27/01/2024 18:59;15,83
27/01/2024 17:59;13,84
27/01/2024 16:59;13,08
27/01/2024 15:59;11,37
27/01/2024 14:59;10,4
27/01/2024 13:59;10,2
27/01/2024 12:59;8,16
27/01/2024 11:59;9,43
27/01/2024 10:59;14,15
27/01/2024 9:59;14,92
27/01/2024 8:59;23,42
27/01/2024 7:59;42,79
27/01/2024 6:59;51,62
27/01/2024 5:59;47
27/01/2024 4:59;50,44
27/01/2024 3:59;48,02
27/01/2024 2:59;37,27
27/01/2024 1:59;36,58
27/01/2024 0:59;33,5
26/01/2024 23:59;17,53
26/01/2024 22:59;9,97
26/01/2024 21:59;10,49
26/01/2024 20:59;10,32
26/01/2024 19:59;11
26/01/2024 18:59;10,99
26/01/2024 17:59;7,67
26/01/2024 16:59;7,24
26/01/2024 15:59;6,58
26/01/2024 14:59;7,71
26/01/2024 13:59;7,22
26/01/2024 12:59;7,82
26/01/2024 11:59;12,82
26/01/2024 10:59;20,04
26/01/2024 9:59;22,67
26/01/2024 8:59;31,24
26/01/2024 7:59;52,74
26/01/2024 6:59;62,21
26/01/2024 5:59;63,33
26/01/2024 4:59;67,53
26/01/2024 3:59;68,81
26/01/2024 2:59;75,66
26/01/2024 1:59;104,15
26/01/2024 0:59;75,44
25/01/2024 23:59;23,64
25/01/2024 22:59;11,32
25/01/2024 21:59;9,22
25/01/2024 20:59;8,13
25/01/2024 20:00;7,31
25/01/2024 19:00;7,92
25/01/2024 18:00;7,45
25/01/2024 16:59;7,05
25/01/2024 15:59;7,4
25/01/2024 14:59;13,05
25/01/2024 13:59;13,78
25/01/2024 12:59;11,75
25/01/2024 11:59;17,16
25/01/2024 10:59;26,99
25/01/2024 9:59;44,14
25/01/2024 8:59;82,01
25/01/2024 7:59;52,23
25/01/2024 6:59;35,05
25/01/2024 5:59;27,71
25/01/2024 4:59;31,05
25/01/2024 3:59;24,3
25/01/2024 2:59;16,62
25/01/2024 1:59;21,37
25/01/2024 0:59;7,85
24/01/2024 23:59;15,67
24/01/2024 22:59;12,56
24/01/2024 21:59;8,79
24/01/2024 20:59;6,66
24/01/2024 19:59;6,36
24/01/2024 18:59;7,33
24/01/2024 17:59;4,38
24/01/2024 16:59;3,29
24/01/2024 15:59;3,75
24/01/2024 14:59;3,29
24/01/2024 13:59;27,7
24/01/2024 12:59;24,66
24/01/2024 11:59;26,98
24/01/2024 10:59;19,08
24/01/2024 9:59;17,48
24/01/2024 8:59;11,11
24/01/2024 7:59;24,5
24/01/2024 6:59;28,45
24/01/2024 5:59;23,89
24/01/2024 4:59;14,65
24/01/2024 3:59;18,14
24/01/2024 2:59;17,58
24/01/2024 1:59;14,62
24/01/2024 0:59;12,06
23/01/2024 23:59;11,05
23/01/2024 22:59;9,58
23/01/2024 21:59;9,2
23/01/2024 20:59;6,81
23/01/2024 19:59;8,7
23/01/2024 18:59;9,62
23/01/2024 17:59;5,34
23/01/2024 16:59;3,99
23/01/2024 15:59;3,5
23/01/2024 14:59;5,6
23/01/2024 13:59;8,17
23/01/2024 12:59;7,26
23/01/2024 11:59;3,35
23/01/2024 10:59;3,06
23/01/2024 9:59;2,95
23/01/2024 8:59;2,71
23/01/2024 7:59;12,34
23/01/2024 6:59;23,29
23/01/2024 5:59;17,99
23/01/2024 4:59;15,4
23/01/2024 3:59;14,46
23/01/2024 2:59;10,25
23/01/2024 1:59;10,75
23/01/2024 0:59;8,92
22/01/2024 23:59;7,63
22/01/2024 22:59;7,57
22/01/2024 21:59;6,83
22/01/2024 20:59;7,87
22/01/2024 19:59;6,96
22/01/2024 18:59;6,66
22/01/2024 17:59;5,5
22/01/2024 16:59;2,87
22/01/2024 15:59;2,58
22/01/2024 14:59;3,05
22/01/2024 13:59;2,71
22/01/2024 12:59;2,42
22/01/2024 11:59;2,46
22/01/2024 10:59;2,62
22/01/2024 9:59;2,31
22/01/2024 8:59;3,27
22/01/2024 7:59;6,1
22/01/2024 6:59;8,95
22/01/2024 5:59;6,25
22/01/2024 4:59;6,48
22/01/2024 3:59;6,54
22/01/2024 2:59;5,21
22/01/2024 1:59;6,65
22/01/2024 0:59;8,39
21/01/2024 23:59;6,42
21/01/2024 22:59;7,06
21/01/2024 21:59;9,22
21/01/2024 20:59;9,75
21/01/2024 19:59;7,95
21/01/2024 18:59;7,05
21/01/2024 17:59;5,75
21/01/2024 16:59;4,51
21/01/2024 15:59;3,77
21/01/2024 14:59;3,84
21/01/2024 13:59;3,84
21/01/2024 12:59;3,53
21/01/2024 11:59;4,06
21/01/2024 10:59;3,95
21/01/2024 9:59;3,53
21/01/2024 8:59;3,63
21/01/2024 7:59;4,05
21/01/2024 6:59;3,33
21/01/2024 5:59;3,59
21/01/2024 4:59;6,63
21/01/2024 3:59;9,75
21/01/2024 2:59;12,1
21/01/2024 1:59;13,81
21/01/2024 0:59;14,28
20/01/2024 23:59;12,66
20/01/2024 22:59;7,2
20/01/2024 21:59;9,22
20/01/2024 20:59;8,3
20/01/2024 19:59;8,78
20/01/2024 18:59;6,02
20/01/2024 17:59;4,94
20/01/2024 16:59;4,28
20/01/2024 15:59;2,37
20/01/2024 14:59;2,92
20/01/2024 13:59;2,59
20/01/2024 12:59;2,16
20/01/2024 11:59;2,63
20/01/2024 10:59;6
20/01/2024 9:59;8,58
20/01/2024 8:59;12,41
20/01/2024 7:59;15,34
20/01/2024 6:59;19,3
20/01/2024 5:59;18,05
20/01/2024 4:59;17,5
20/01/2024 3:59;19,2
20/01/2024 2:59;13,26
20/01/2024 1:59;12,1
20/01/2024 0:59;12,02
19/01/2024 23:59;14,53
19/01/2024 22:59;7,33
19/01/2024 21:59;7,36
19/01/2024 20:59;8,43
19/01/2024 19:59;7,72
19/01/2024 18:59;5,72
19/01/2024 17:59;6,62
19/01/2024 16:59;4,48
19/01/2024 15:59;3,75
19/01/2024 14:59;3,34
19/01/2024 13:59;5,54
19/01/2024 12:59;2,98
19/01/2024 11:59;3,36
19/01/2024 10:59;4,15
19/01/2024 9:59;5,28
19/01/2024 8:59;5,7
19/01/2024 7:59;16,45
19/01/2024 6:59;25,37
19/01/2024 5:59;9,69
19/01/2024 4:59;10
19/01/2024 3:59;8,9
19/01/2024 2:59;6,05
19/01/2024 1:59;3,22
19/01/2024 0:59;7,14
18/01/2024 23:59;4,11
18/01/2024 22:59;4,19
18/01/2024 21:59;7,87
18/01/2024 20:59;5,83
18/01/2024 19:59;6,29
18/01/2024 18:59;6,17
18/01/2024 17:59;5,45
18/01/2024 16:59;4,31
18/01/2024 15:59;3,6
18/01/2024 14:59;3,69
18/01/2024 13:59;4,28
18/01/2024 12:59;3,75
18/01/2024 11:59;3,15
18/01/2024 10:59;3,39
18/01/2024 9:59;3,91
18/01/2024 8:59;4,02
18/01/2024 7:59;7,94
18/01/2024 6:59;11,16
18/01/2024 5:59;16,02
18/01/2024 4:59;12,49
18/01/2024 3:59;8,52
18/01/2024 2:59;7,87
18/01/2024 1:59;8,87
18/01/2024 0:59;11,79
17/01/2024 23:59;10,46
17/01/2024 22:59;7,38
17/01/2024 21:59;9,92
17/01/2024 20:59;10,66
17/01/2024 19:59;5,8
17/01/2024 18:59;5,5
17/01/2024 17:59;4,82
17/01/2024 16:59;3,32
17/01/2024 15:59;2,94
17/01/2024 14:59;3,92
17/01/2024 13:59;3,92
17/01/2024 12:59;4,11
17/01/2024 11:59;3,66
17/01/2024 10:59;4,09
17/01/2024 9:59;4,24
17/01/2024 8:59;8,05
17/01/2024 7:59;18,53
17/01/2024 6:59;20,61
17/01/2024 5:59;23,58
17/01/2024 4:59;15,36
17/01/2024 3:59;14,18
17/01/2024 2:59;9,71
17/01/2024 1:59;7,85
17/01/2024 0:59;5,42
16/01/2024 23:59;6,71
16/01/2024 22:59;5,7
16/01/2024 21:59;5,37
16/01/2024 20:59;5,72
16/01/2024 19:59;5,77
16/01/2024 18:59;5,37
16/01/2024 17:59;7,48
16/01/2024 16:59;4,65
16/01/2024 15:59;3,55
16/01/2024 14:59;3,28
16/01/2024 13:59;3,2
16/01/2024 12:59;2,95
16/01/2024 11:59;2,86
16/01/2024 10:59;2,76
16/01/2024 9:59;3,23
16/01/2024 8:59;6,77
16/01/2024 8:00;17,16
16/01/2024 7:00;22,31
16/01/2024 6:00;14,92
16/01/2024 5:00;11,38
16/01/2024 4:00;8,23
16/01/2024 3:00;7,28
16/01/2024 2:00;8,52
16/01/2024 1:00;9,14
16/01/2024 0:00;5,12
15/01/2024 23:00;4,69
15/01/2024 22:00;5,68
15/01/2024 21:00;5,14
15/01/2024 20:00;3,84
15/01/2024 19:00;4,36
15/01/2024 18:00;4,23
15/01/2024 17:00;3,38
15/01/2024 16:00;2,92
15/01/2024 14:59;3,1
15/01/2024 13:59;3,12
15/01/2024 12:59;3,78
15/01/2024 12:00;3,78
15/01/2024 11:00;3,57
15/01/2024 9:59;3,92
15/01/2024 8:59;7,9
15/01/2024 8:00;19,3
15/01/2024 7:00;19,16
15/01/2024 6:00;19,31
15/01/2024 5:00;8,89
15/01/2024 4:00;11,35
15/01/2024 3:00;11,19
15/01/2024 2:00;11,74
15/01/2024 1:00;10,47
15/01/2024 0:00;9,3
14/01/2024 23:00;9,78
14/01/2024 22:00;9,18
14/01/2024 21:00;9,11
14/01/2024 20:00;8,91
14/01/2024 19:00;7,79
14/01/2024 18:00;7,33
14/01/2024 17:00;6,98
14/01/2024 16:00;6,15
14/01/2024 15:00;5,93
14/01/2024 14:00;5,94
14/01/2024 13:00;5,01
14/01/2024 12:00;5,24
14/01/2024 11:00;6,06
14/01/2024 9:59;9,12
14/01/2024 8:59;10,43
14/01/2024 8:00;17,91
14/01/2024 7:00;18,98
14/01/2024 6:00;16,1
14/01/2024 5:00;14,67
14/01/2024 4:00;13,83
14/01/2024 3:00;13,47
14/01/2024 2:00;11,96
14/01/2024 1:00;11,89
14/01/2024 0:00;10,66
13/01/2024 22:59;10,63
13/01/2024 22:00;10,95
13/01/2024 20:59;9,43
13/01/2024 20:00;10,33
13/01/2024 19:00;11,67
13/01/2024 18:00;10,47
13/01/2024 16:59;9,45
13/01/2024 15:59;9,43
13/01/2024 15:00;9,8
13/01/2024 13:59;11,07
13/01/2024 12:59;6,92
13/01/2024 11:59;7,72
13/01/2024 10:59;8,41
13/01/2024 9:59;10,76
13/01/2024 8:59;12,49
13/01/2024 8:00;15,9
13/01/2024 7:00;19,09
13/01/2024 6:00;12,05
13/01/2024 5:00;12,31
13/01/2024 4:00;8,22
13/01/2024 3:00;10,73
13/01/2024 2:00;12,95
13/01/2024 1:00;12,21
13/01/2024 0:00;12,99
12/01/2024 23:00;11,82
12/01/2024 22:00;9,53
12/01/2024 21:00;10,47
12/01/2024 20:00;11,64
12/01/2024 19:00;9,35
12/01/2024 18:00;7,53
12/01/2024 17:00;6,91
12/01/2024 16:00;5,36
12/01/2024 14:59;4,06
12/01/2024 13:59;3,69
12/01/2024 12:59;3,55
12/01/2024 12:00;4,71
12/01/2024 11:00;9,25
12/01/2024 10:00;10,18
12/01/2024 9:00;12,64
12/01/2024 8:00;15,86
12/01/2024 7:00;15,72
12/01/2024 6:00;17,63
12/01/2024 5:00;12,76
12/01/2024 4:00;10,91
12/01/2024 3:00;11,51
12/01/2024 2:00;10,86
12/01/2024 1:00;9,96
12/01/2024 0:00;9,87
11/01/2024 23:00;9,9
11/01/2024 22:00;9,38
11/01/2024 21:00;8,79
11/01/2024 20:00;8,44
11/01/2024 19:00;12,29
11/01/2024 18:00;10,57
11/01/2024 17:00;9,33
11/01/2024 16:00;7,08
11/01/2024 14:59;3,12
11/01/2024 13:59;3,43
11/01/2024 12:59;3,37
11/01/2024 12:00;3,65
11/01/2024 11:00;3,48
11/01/2024 10:00;3,31
11/01/2024 9:00;5,33
11/01/2024 8:00;14,35
11/01/2024 7:00;19,78
11/01/2024 6:00;14,64
11/01/2024 5:00;8,53
11/01/2024 4:00;5,88
11/01/2024 3:00;5,36
11/01/2024 2:00;5,82
11/01/2024 1:00;5,48
11/01/2024 0:00;7,3
10/01/2024 23:00;5,97
10/01/2024 22:00;5,15
10/01/2024 21:00;7,32
10/01/2024 20:00;5,59
10/01/2024 19:00;5,7
10/01/2024 18:00;3,94
10/01/2024 17:00;3,4
10/01/2024 17:00;2,72
10/01/2024 16:00;2,57
10/01/2024 15:00;3,46
10/01/2024 14:00;3,15
10/01/2024 13:00;2,69
10/01/2024 12:00;4,73
10/01/2024 11:00;6,14
10/01/2024 10:00;9,1
10/01/2024 9:00;17,43
10/01/2024 8:00;20,6
10/01/2024 7:00;20,26
10/01/2024 6:00;18,23
10/01/2024 5:00;16,76
10/01/2024 4:00;11,24
10/01/2024 3:00;12,53
10/01/2024 2:00;11,14
10/01/2024 1:00;10,16
10/01/2024 0:00;6,61
9/01/2024 23:00;6,98
9/01/2024 22:00;7,02
9/01/2024 21:00;7,33
9/01/2024 20:00;6,04
9/01/2024 19:00;5,98
9/01/2024 18:00;6,16
9/01/2024 17:00;4,36
9/01/2024 16:00;3,88
9/01/2024 15:00;3,78
9/01/2024 14:00;5,02
9/01/2024 13:00;3,55
9/01/2024 12:00;3,81
9/01/2024 11:00;6,87
9/01/2024 10:00;14,86
9/01/2024 9:00;22,55
9/01/2024 8:00;27,55
9/01/2024 7:00;16,66
9/01/2024 6:00;14,56
9/01/2024 5:00;13,06
9/01/2024 4:00;12,22
9/01/2024 3:00;8,62
9/01/2024 2:00;9,86
9/01/2024 1:00;9,82
9/01/2024 0:00;7,35
8/01/2024 23:00;8,18
8/01/2024 22:00;7,49
8/01/2024 21:00;7,3
8/01/2024 20:00;8,26
8/01/2024 19:00;6,82
8/01/2024 18:00;5,27
8/01/2024 17:00;4,3
8/01/2024 16:00;4,6
8/01/2024 15:00;4,36
8/01/2024 14:00;3,6
8/01/2024 13:00;4,37
8/01/2024 12:00;4,89
8/01/2024 11:00;4,14
8/01/2024 10:00;11
8/01/2024 9:00;12,93
8/01/2024 8:00;11,1
8/01/2024 7:00;13,39
8/01/2024 6:00;10,88
8/01/2024 5:00;9,9
8/01/2024 4:00;7,96
8/01/2024 3:00;8,2
8/01/2024 2:00;7,66
8/01/2024 1:00;6,09
8/01/2024 0:00;6,05
7/01/2024 23:00;6,16
7/01/2024 22:00;6,69
7/01/2024 21:00;8,55
7/01/2024 20:00;13,01
7/01/2024 19:00;8,36
7/01/2024 18:00;6,9
7/01/2024 17:00;5,91
7/01/2024 16:00;4,15
7/01/2024 15:00;4,24
7/01/2024 14:00;3,64
7/01/2024 13:00;3,23
7/01/2024 12:00;3,05
7/01/2024 11:00;4,42
7/01/2024 10:00;8,28
7/01/2024 9:00;18,7
7/01/2024 8:00;30,73
7/01/2024 7:00;13,12
7/01/2024 6:00;8,43
7/01/2024 5:00;7,83
7/01/2024 4:00;5,79
7/01/2024 3:00;7,78
7/01/2024 2:00;7,41
7/01/2024 1:00;5,87
7/01/2024 0:00;6,88
6/01/2024 23:00;8,18
6/01/2024 22:00;4,86
6/01/2024 21:00;5,81
6/01/2024 20:00;7,11
6/01/2024 19:00;8
6/01/2024 18:00;5,87
6/01/2024 17:00;3,53
6/01/2024 16:00;3,93
6/01/2024 15:00;3,43
6/01/2024 14:00;2,92
6/01/2024 13:00;3,39
6/01/2024 12:00;5
6/01/2024 11:00;7,61
6/01/2024 10:00;17,99
6/01/2024 9:00;19,41
6/01/2024 8:00;23,41
6/01/2024 7:00;23,14
6/01/2024 6:00;17,8
6/01/2024 5:00;10,91
6/01/2024 4:00;9,12
6/01/2024 3:00;10,98
6/01/2024 2:00;8,68
6/01/2024 1:00;9,71
6/01/2024 0:00;8,1
5/01/2024 23:00;8,39
5/01/2024 22:00;9,15
5/01/2024 21:00;9,25
5/01/2024 20:00;8,46
5/01/2024 19:00;7,74
5/01/2024 18:00;6,74
5/01/2024 17:00;6,73
5/01/2024 16:00;6,1
5/01/2024 15:00;5,59
5/01/2024 14:00;4,8
5/01/2024 13:00;4,98
5/01/2024 12:00;7,26
5/01/2024 11:00;10,53
5/01/2024 10:00;12,11
5/01/2024 9:00;14,86
5/01/2024 8:00;15,16
5/01/2024 7:00;11,93
5/01/2024 6:00;9,18
5/01/2024 5:00;9,12
5/01/2024 4:00;7,43
5/01/2024 3:00;7,66
5/01/2024 2:00;6,6
5/01/2024 1:00;5,33
5/01/2024 0:00;6,62
4/01/2024 23:00;7,21
4/01/2024 22:00;6,89
4/01/2024 21:00;8,3
4/01/2024 20:00;8,16
4/01/2024 19:00;5,85
4/01/2024 18:00;4,97
4/01/2024 17:00;4,38
4/01/2024 16:00;3,6
4/01/2024 15:00;2,77
4/01/2024 14:00;3,48
4/01/2024 13:00;4,66
4/01/2024 12:00;5,02
4/01/2024 11:00;6,1
4/01/2024 10:00;10,82
4/01/2024 9:00;18,39
4/01/2024 8:00;20,08
4/01/2024 7:00;14,47
4/01/2024 6:00;11,27
4/01/2024 5:00;7,88
4/01/2024 4:00;4,2
4/01/2024 3:00;5,19
4/01/2024 2:00;3,02
4/01/2024 1:00;3,93
4/01/2024 0:00;4,89
3/01/2024 23:00;5,23
3/01/2024 22:00;6,01
3/01/2024 21:00;6,27
3/01/2024 20:00;6,05
3/01/2024 19:00;6,3
3/01/2024 18:00;4,98
3/01/2024 17:00;5,34
3/01/2024 16:00;3,93
3/01/2024 15:00;4,25
3/01/2024 14:00;5,04
3/01/2024 13:00;4,81
3/01/2024 12:00;5,15
3/01/2024 11:00;5,98
3/01/2024 10:00;9,67
3/01/2024 9:00;15,08
3/01/2024 8:00;14,77
3/01/2024 7:00;19,19
3/01/2024 6:00;15,27
3/01/2024 5:00;8,29
3/01/2024 4:00;8,98
3/01/2024 3:00;7,26
3/01/2024 2:00;5,96
3/01/2024 1:00;6,29
3/01/2024 0:00;9,27
2/01/2024 23:00;8,68
2/01/2024 22:00;7,54
2/01/2024 21:00;8,08
2/01/2024 20:00;8,1
2/01/2024 19:00;7,54
2/01/2024 18:00;7,47
2/01/2024 17:00;5,06
2/01/2024 16:00;4,46
2/01/2024 15:00;4,02
2/01/2024 14:00;4,4
2/01/2024 13:00;5,6
2/01/2024 12:00;6,97
2/01/2024 11:00;8,1
2/01/2024 10:00;9,88
2/01/2024 9:00;13,51
2/01/2024 8:00;10,49
2/01/2024 7:00;12,4
2/01/2024 6:00;11,64
2/01/2024 5:00;10,16
2/01/2024 4:00;9,06
2/01/2024 3:00;10,01
2/01/2024 2:00;9,39
2/01/2024 1:00;8,57
2/01/2024 0:00;7,73
1/01/2024 23:00;7,79
1/01/2024 22:00;9,02
1/01/2024 21:00;10,22
1/01/2024 20:00;8,14
1/01/2024 19:00;6,72
1/01/2024 18:00;4,96
1/01/2024 17:00;3,52
1/01/2024 16:00;3
1/01/2024 15:00;3,2
1/01/2024 14:00;3,88
1/01/2024 13:00;4,25
1/01/2024 12:00;3,71
1/01/2024 11:00;7,5
1/01/2024 10:00;20,82
1/01/2024 9:00;34,66
1/01/2024 8:00;35,99
1/01/2024 7:00;33,58
1/01/2024 6:00;34,29
1/01/2024 5:00;38,11
1/01/2024 4:00;35,35
1/01/2024 3:00;43,87
1/01/2024 2:00;62,03
1/01/2024 1:00;56,28
1/01/2024 0:00;20,29
31/12/2023 22:00;19,13
31/12/2023 21:00;21,88
31/12/2023 20:00;16,59
31/12/2023 19:00;10,08
31/12/2023 18:00;7,23
31/12/2023 17:00;4,05
31/12/2023 15:00;5,35
31/12/2023 14:00;4,93
31/12/2023 13:00;5,31
31/12/2023 12:00;7,88
31/12/2023 11:00;6,6
31/12/2023 10:00;8,16
31/12/2023 9:00;9,2
31/12/2023 8:00;11,12
31/12/2023 7:00;10,39
31/12/2023 6:00;11,03
31/12/2023 5:00;8,21
31/12/2023 4:00;9,16
31/12/2023 3:00;9,08
31/12/2023 2:00;9,26
31/12/2023 1:00;11,5
31/12/2023 0:00;9,1
30/12/2023 23:00;7,08
30/12/2023 22:00;7,04
30/12/2023 21:00;8,38
30/12/2023 20:00;7,13
30/12/2023 19:00;6,71
30/12/2023 18:00;5,78
30/12/2023 17:00;5,28
30/12/2023 16:00;4,94
30/12/2023 15:00;6,28
30/12/2023 14:00;5,37
30/12/2023 13:00;4,33
30/12/2023 12:00;5
30/12/2023 11:00;4,9
30/12/2023 10:00;6,6
30/12/2023 9:00;10,08
30/12/2023 8:00;14,52
30/12/2023 7:00;13,51
30/12/2023 6:00;11,74
30/12/2023 5:00;9,14
30/12/2023 4:00;9,14
30/12/2023 3:00;7,98
30/12/2023 2:00;6,99
30/12/2023 1:00;6,07
30/12/2023 0:00;6,29
29/12/2023 23:00;7,09
29/12/2023 22:00;11,29
29/12/2023 21:00;11,17
29/12/2023 20:00;7,6
29/12/2023 19:00;7,65
29/12/2023 18:00;6,06
29/12/2023 17:00;8,15
29/12/2023 16:00;4,93
29/12/2023 15:00;3,48
29/12/2023 14:00;4,12
29/12/2023 13:00;4,54
29/12/2023 12:00;5,62
29/12/2023 11:00;5,1
29/12/2023 10:00;10,16
29/12/2023 9:00;13,33
29/12/2023 8:00;12,8
29/12/2023 7:00;11,25
29/12/2023 6:00;9,77
29/12/2023 5:00;5,03
29/12/2023 4:00;4,42
29/12/2023 3:00;4,35
29/12/2023 2:00;4,94
29/12/2023 1:00;4,33
29/12/2023 0:00;6,27
28/12/2023 23:00;5,29
28/12/2023 22:00;5,08
28/12/2023 21:00;4,62
28/12/2023 20:00;3,59
28/12/2023 17:00;6,01
28/12/2023 16:00;4,33
28/12/2023 15:00;2,93
28/12/2023 14:00;3,95
28/12/2023 13:00;5,3
28/12/2023 12:00;8,25
28/12/2023 11:00;7,57
28/12/2023 9:00;13,25
28/12/2023 8:00;15,87
28/12/2023 7:00;17,82
28/12/2023 6:00;12,18
28/12/2023 5:00;11,95
28/12/2023 4:00;9,78
28/12/2023 3:00;9,03
28/12/2023 2:00;8,88
28/12/2023 1:00;8,26
28/12/2023 0:00;8,51
27/12/2023 23:00;9,56
27/12/2023 22:00;10,37
27/12/2023 21:00;10,37
27/12/2023 20:00;8,38
27/12/2023 19:00;5,65
27/12/2023 18:00;6,9
27/12/2023 17:00;3,25
27/12/2023 16:00;2,71
27/12/2023 15:00;2,54
27/12/2023 14:00;2,8
27/12/2023 13:00;2,72
27/12/2023 12:00;5,74
27/12/2023 11:00;4,61
27/12/2023 10:00;9,54
27/12/2023 9:00;7,71
27/12/2023 8:00;11,2
27/12/2023 7:00;8,53
27/12/2023 6:00;7,69
27/12/2023 5:00;4,43
27/12/2023 4:00;5,56
27/12/2023 3:00;4,18
27/12/2023 2:00;3,96
27/12/2023 1:00;2,2
27/12/2023 0:00;1,93
26/12/2023 23:00;3,19
26/12/2023 22:00;2,39
26/12/2023 21:00;2,27
26/12/2023 20:00;3,92
26/12/2023 19:00;2,77
26/12/2023 18:00;3,45
26/12/2023 17:00;3,1
26/12/2023 16:00;2,98
26/12/2023 15:00;3,32
26/12/2023 14:00;3,18
26/12/2023 13:00;3,59
26/12/2023 12:00;3,44
26/12/2023 11:00;4,23
26/12/2023 10:00;4,11
26/12/2023 9:00;5,03
26/12/2023 8:00;6,35
26/12/2023 7:00;6,89
26/12/2023 6:00;6,32
26/12/2023 5:00;5,41
26/12/2023 4:00;4,76
26/12/2023 3:00;4,24
26/12/2023 2:00;2,55
26/12/2023 1:00;2,47
26/12/2023 0:00;1,93
25/12/2023 23:00;2,17
25/12/2023 22:00;2,81
25/12/2023 21:00;3,96
25/12/2023 20:00;3,53
25/12/2023 19:00;3,79
25/12/2023 18:00;3,86
25/12/2023 17:00;3,36
25/12/2023 16:00;3,04
25/12/2023 15:00;3,1
25/12/2023 14:00;2,97
25/12/2023 13:00;2,63
25/12/2023 12:00;3,36
25/12/2023 11:00;4,75
25/12/2023 10:00;7,63
25/12/2023 9:00;16,07
25/12/2023 8:00;17,28
25/12/2023 7:00;18,21
25/12/2023 6:00;17,12
25/12/2023 5:00;24,58
25/12/2023 4:00;20,76
25/12/2023 3:00;24,61
25/12/2023 2:00;22,7
25/12/2023 1:00;18,77
25/12/2023 0:00;19,03
24/12/2023 23:00;16,46
24/12/2023 22:00;16,45
24/12/2023 21:00;22,31
24/12/2023 20:00;11
24/12/2023 19:00;6,83
24/12/2023 18:00;4,38
24/12/2023 17:00;3,72
24/12/2023 16:00;3,31
24/12/2023 15:00;3,87
24/12/2023 14:00;3,55
24/12/2023 13:00;3,07
24/12/2023 12:00;3,29
24/12/2023 11:00;3,74
24/12/2023 10:00;7,82
24/12/2023 9:00;11,64
24/12/2023 8:00;13,56
24/12/2023 7:00;13,02
24/12/2023 6:00;12,19
24/12/2023 5:00;8,36
24/12/2023 4:00;8,34
24/12/2023 3:00;6,62
24/12/2023 2:00;8,98
24/12/2023 1:00;10,78
24/12/2023 0:00;15,71
23/12/2023 23:00;8,39
23/12/2023 22:00;10,56
23/12/2023 21:00;7,91
23/12/2023 20:00;7,54
23/12/2023 19:00;6,9
23/12/2023 18:00;5,07
23/12/2023 17:00;3,56
23/12/2023 16:00;3,86
23/12/2023 15:00;3,64
23/12/2023 14:00;4,81
23/12/2023 13:00;5,92
23/12/2023 12:00;6,76
23/12/2023 11:00;7,49
23/12/2023 10:00;9,54
23/12/2023 9:00;17,9
23/12/2023 8:00;19,95
23/12/2023 7:00;22,76
23/12/2023 6:00;17,67
23/12/2023 5:00;17,55
23/12/2023 4:00;14,36
23/12/2023 3:00;11,41
23/12/2023 2:00;10,97
23/12/2023 1:00;9,25
23/12/2023 0:00;8,86
22/12/2023 23:00;8,48
22/12/2023 22:00;9,37
22/12/2023 21:00;8,44
22/12/2023 20:00;8,96
22/12/2023 19:00;7,77
22/12/2023 18:00;6,98
22/12/2023 17:00;6,17
22/12/2023 16:00;6,79
22/12/2023 15:00;6,45
22/12/2023 14:00;6,19
22/12/2023 13:00;5,39
22/12/2023 12:00;5,68
22/12/2023 11:00;6,44
22/12/2023 10:00;9,35
22/12/2023 9:00;12,25
22/12/2023 8:00;14,04
22/12/2023 7:00;11,68
22/12/2023 6:00;12,41
22/12/2023 5:00;9,93
22/12/2023 4:00;9,3
22/12/2023 3:00;10,41
22/12/2023 2:00;10,14
22/12/2023 1:00;8,22
22/12/2023 0:00;9,47
21/12/2023 23:00;9,72
21/12/2023 22:00;10,13
21/12/2023 21:00;9,92
21/12/2023 20:00;9,75
21/12/2023 19:00;9,61
21/12/2023 18:00;9,19
21/12/2023 17:00;8,46
21/12/2023 16:00;7,38
21/12/2023 15:00;5,05
21/12/2023 14:00;4,94
21/12/2023 13:00;5,69
21/12/2023 12:00;5,88
21/12/2023 11:00;6,22
21/12/2023 10:00;7,11
21/12/2023 9:00;13,46
21/12/2023 8:00;17,33
21/12/2023 7:00;20,35
21/12/2023 6:00;20,41
21/12/2023 5:00;18,97
21/12/2023 4:00;13,01
21/12/2023 3:00;10,33
21/12/2023 2:00;11,43
21/12/2023 1:00;12,91
21/12/2023 0:00;9,18
20/12/2023 23:00;10,64
20/12/2023 22:00;9,38
20/12/2023 21:00;6,2
20/12/2023 20:00;8,8
20/12/2023 19:00;5,03
20/12/2023 18:00;5,11
20/12/2023 17:00;5,13
20/12/2023 16:00;4,06
20/12/2023 15:00;3,94
20/12/2023 14:00;4,45
20/12/2023 13:00;4,7
20/12/2023 12:00;4,59
20/12/2023 11:00;3,93
20/12/2023 10:00;8,54
20/12/2023 9:00;11,89
20/12/2023 8:00;11,54
20/12/2023 7:00;8,74
20/12/2023 6:00;5,79
20/12/2023 5:00;3,72
20/12/2023 4:00;7,13
20/12/2023 3:00;7,65
20/12/2023 2:00;6,1
20/12/2023 1:00;8,01
20/12/2023 0:00;5,38
19/12/2023 23:00;5,12
19/12/2023 22:00;6,28
19/12/2023 21:00;7,47
19/12/2023 20:00;7,94
19/12/2023 19:00;6,23
19/12/2023 18:00;6,61
19/12/2023 16:00;6,47
19/12/2023 15:00;6,46
19/12/2023 14:00;5,36
19/12/2023 13:00;8,16
19/12/2023 12:00;10,23
19/12/2023 11:00;7,68
19/12/2023 10:00;12,12
19/12/2023 9:00;12,22
19/12/2023 8:00;12,14
19/12/2023 7:00;8,39
19/12/2023 6:00;8,45
19/12/2023 5:00;7,37
19/12/2023 4:00;7,47
19/12/2023 3:00;6,79
19/12/2023 2:00;5,98
19/12/2023 1:00;5,77
19/12/2023 0:00;5,48
18/12/2023 23:00;6,99
18/12/2023 22:00;10,11
18/12/2023 21:00;12,3
18/12/2023 20:00;13,82
18/12/2023 19:00;10,47
18/12/2023 18:00;7,21
18/12/2023 17:00;10,66
18/12/2023 16:00;9,18
18/12/2023 15:00;7,52
18/12/2023 14:00;7,34
18/12/2023 13:00;5,8
18/12/2023 12:00;6,54
18/12/2023 11:00;6,13
18/12/2023 10:00;6,36
18/12/2023 9:00;9,77
18/12/2023 8:00;9,37
18/12/2023 7:00;10,17
18/12/2023 6:00;6,88
18/12/2023 5:00;5,24
18/12/2023 4:00;5,24
18/12/2023 3:00;5,78
18/12/2023 2:00;7,52
18/12/2023 1:00;6,65
18/12/2023 0:00;6,16
17/12/2023 23:00;5,88
17/12/2023 22:00;7,93
17/12/2023 21:00;6,98
17/12/2023 20:00;7,19
17/12/2023 19:00;5,95
17/12/2023 18:00;7,73
17/12/2023 17:00;6,4
17/12/2023 16:00;8,85
17/12/2023 15:00;9,38
17/12/2023 14:00;6,72
17/12/2023 13:00;7,29
17/12/2023 12:00;7,02
17/12/2023 11:00;6,46
17/12/2023 10:00;11,97
17/12/2023 9:00;17,61
17/12/2023 8:00;10,05
17/12/2023 7:00;5,91
8/12/2023 9:00;5,22
8/12/2023 8:00;5,06
8/12/2023 7:00;7,96
8/12/2023 6:00;7,37
8/12/2023 5:00;8,39
8/12/2023 4:00;5,77
8/12/2023 3:00;4,42
8/12/2023 2:00;4,46
8/12/2023 1:00;4,97
8/12/2023 0:00;6,33
7/12/2023 23:00;5,54
7/12/2023 22:00;4,85
7/12/2023 21:00;4,67
7/12/2023 20:00;5,74
7/12/2023 19:00;5,16
7/12/2023 18:00;5,67
7/12/2023 17:00;4,81
7/12/2023 16:00;6,28
7/12/2023 15:00;5,08
7/12/2023 14:00;7,25
7/12/2023 13:00;7,83
7/12/2023 12:00;5,87
7/12/2023 11:00;6,37
7/12/2023 10:00;6,24
7/12/2023 9:00;5,56
7/12/2023 8:00;10,37
7/12/2023 7:00;15,02
7/12/2023 6:00;8,93
7/12/2023 5:00;5,24
7/12/2023 4:00;6,15
7/12/2023 3:00;4,14
7/12/2023 2:00;6,16
7/12/2023 1:00;4,1
7/12/2023 0:00;3,44
6/12/2023 23:00;4,3
6/12/2023 22:00;4,08
6/12/2023 21:00;5,27
6/12/2023 20:00;4,12
6/12/2023 19:00;2,43
6/12/2023 18:00;2,39
6/12/2023 17:00;2,25
6/12/2023 16:00;1,51
6/12/2023 15:00;1,98
6/12/2023 14:00;1,75
6/12/2023 13:00;2,05
6/12/2023 12:00;1,55
6/12/2023 11:00;1,89
6/12/2023 10:00;2,13
6/12/2023 9:00;2,37
6/12/2023 8:00;10,83
6/12/2023 7:00;15,63
6/12/2023 6:00;6,02
6/12/2023 5:00;4,66
6/12/2023 4:00;5,17
6/12/2023 3:00;7,39
6/12/2023 2:00;5,13
6/12/2023 1:00;4,31
6/12/2023 0:00;6,4
5/12/2023 23:00;4,69
5/12/2023 22:00;3,75
5/12/2023 21:00;4,61
5/12/2023 20:00;3,29
5/12/2023 19:00;2,8
5/12/2023 18:00;2,53
5/12/2023 17:00;2,37
5/12/2023 16:00;1,86
5/12/2023 15:00;1,83
5/12/2023 14:00;1,89
5/12/2023 13:00;1,88
5/12/2023 12:00;2,16
5/12/2023 11:00;2,14
5/12/2023 10:00;2,56
5/12/2023 9:00;10,42
5/12/2023 8:00;15,84
5/12/2023 7:00;10,86
5/12/2023 6:00;8,99
5/12/2023 5:00;9,85
5/12/2023 4:00;9,61
5/12/2023 3:00;11,02
5/12/2023 2:00;9,91
5/12/2023 1:00;8,43
5/12/2023 0:00;6,25
4/12/2023 23:00;5,11
4/12/2023 22:00;5,84
4/12/2023 21:00;4,58
4/12/2023 20:00;4,76
4/12/2023 19:00;5,41
4/12/2023 18:00;3,48
4/12/2023 17:00;2,98
4/12/2023 16:00;2,76
4/12/2023 15:00;2,2
4/12/2023 14:00;2,38
4/12/2023 13:00;2,77
4/12/2023 12:00;2,84
4/12/2023 11:00;2,57
4/12/2023 10:00;2,96
4/12/2023 9:00;4,49
4/12/2023 8:00;11,07
4/12/2023 7:00;13,5
4/12/2023 6:00;10,1
4/12/2023 5:00;7,48
4/12/2023 4:00;7,81
4/12/2023 3:00;6,74
4/12/2023 2:00;7,66
4/12/2023 1:00;7,4
4/12/2023 0:00;6,58
3/12/2023 23:00;5,33
3/12/2023 22:00;5,09
3/12/2023 21:00;4,79
3/12/2023 20:00;4,53
3/12/2023 19:00;4,97
3/12/2023 18:00;3,56
3/12/2023 17:00;3,61
3/12/2023 16:00;3,77
3/12/2023 15:00;4,26
3/12/2023 14:00;4,19
3/12/2023 13:00;4,73
3/12/2023 12:00;5,3
3/12/2023 11:00;8,32
3/12/2023 10:00;12,51
3/12/2023 9:00;13,02
3/12/2023 8:00;13,65
3/12/2023 7:00;13,08
3/12/2023 6:00;16,02
3/12/2023 5:00;15,95
3/12/2023 4:00;9,82
3/12/2023 3:00;10,32
3/12/2023 2:00;8,64
3/12/2023 1:00;8,61
3/12/2023 0:00;6,96
2/12/2023 23:00;5,86
2/12/2023 22:00;5,25
2/12/2023 21:00;5,49
2/12/2023 20:00;6,03
2/12/2023 19:00;5,83
2/12/2023 18:00;4,03
2/12/2023 17:00;3,91
2/12/2023 16:00;3,19
2/12/2023 15:00;3,09
2/12/2023 14:00;3,32
2/12/2023 13:00;3,04
2/12/2023 12:00;2,57
2/12/2023 11:00;4,02
2/12/2023 10:00;4,51
2/12/2023 9:00;4,5
2/12/2023 8:00;8,87
2/12/2023 7:00;24,25
2/12/2023 6:00;12,6
2/12/2023 5:00;15,45
2/12/2023 4:00;13,01
2/12/2023 3:00;8,63
2/12/2023 2:00;6,65
2/12/2023 1:00;3,96
2/12/2023 0:00;3,47
1/12/2023 23:00;4,2
1/12/2023 22:00;3,97
1/12/2023 21:00;4,51
1/12/2023 20:00;2,61
1/12/2023 19:00;2,95
1/12/2023 18:00;2,97
1/12/2023 17:00;3,2
1/12/2023 16:00;3,11
1/12/2023 15:00;2,33
1/12/2023 14:00;2,48
1/12/2023 13:00;2,37
1/12/2023 12:00;1,82
1/12/2023 11:00;1,85
1/12/2023 10:00;3,8
1/12/2023 9:00;5,9
1/12/2023 8:00;14,09
1/12/2023 7:00;13,33
1/12/2023 6:00;14,52
1/12/2023 5:00;21,07
1/12/2023 4:00;14,35
1/12/2023 3:00;9,35
1/12/2023 2:00;6,97
1/12/2023 1:00;6,36
1/12/2023 0:00;5,17
