Fecha inicial;Fecha final;PM10
3/02/2024 15:00;3/02/2024 15:59;13,68
3/02/2024 14:00;3/02/2024 14:59;12,88
3/02/2024 13:00;3/02/2024 13:59;16,2
3/02/2024 12:00;3/02/2024 12:59;19,13
3/02/2024 11:00;3/02/2024 11:59;24,26
3/02/2024 10:00;3/02/2024 10:59;45,64
3/02/2024 9:00;3/02/2024 9:59;58,19
3/02/2024 8:00;3/02/2024 8:59;48,52
3/02/2024 7:00;3/02/2024 7:59;46,99
3/02/2024 6:00;3/02/2024 6:59;50,71
3/02/2024 5:00;3/02/2024 5:59;35,54
3/02/2024 4:00;3/02/2024 4:59;38,38
3/02/2024 3:00;3/02/2024 3:59;25,71
3/02/2024 2:00;3/02/2024 2:59;23,57
3/02/2024 1:00;3/02/2024 1:59;23,32
3/02/2024 0:00;3/02/2024 0:59;27,76
2/02/2024 23:00;2/02/2024 23:59;29,86
2/02/2024 22:00;2/02/2024 22:59;31,71
2/02/2024 21:00;2/02/2024 21:59;29,34
2/02/2024 20:00;2/02/2024 20:59;38,78
2/02/2024 19:00;2/02/2024 19:59;41,78
2/02/2024 18:00;2/02/2024 18:59;39,38
2/02/2024 17:00;2/02/2024 17:59;27,93
2/02/2024 16:00;2/02/2024 16:59;17,74
2/02/2024 15:00;2/02/2024 15:59;19,74
2/02/2024 14:00;2/02/2024 14:59;24,65
2/02/2024 13:00;2/02/2024 13:59;31,48
2/02/2024 12:00;2/02/2024 12:59;30,65
2/02/2024 11:00;2/02/2024 11:59;39,36
2/02/2024 10:00;2/02/2024 10:59;42,41
2/02/2024 9:00;2/02/2024 9:59;49,24
2/02/2024 8:00;2/02/2024 8:59;79,57
2/02/2024 7:00;2/02/2024 7:59;52,62
2/02/2024 6:00;2/02/2024 6:59;36,14
2/02/2024 5:00;2/02/2024 5:59;36,17
2/02/2024 4:00;2/02/2024 4:59;26,84
2/02/2024 3:00;2/02/2024 3:59;27,79
2/02/2024 2:00;2/02/2024 2:59;24,98
2/02/2024 1:00;2/02/2024 1:59;30,03
2/02/2024 0:00;2/02/2024 0:59;28,29
1/02/2024 23:00;1/02/2024 23:59;35,91
1/02/2024 22:00;1/02/2024 22:59;45,06
1/02/2024 21:00;1/02/2024 21:59;47,16
1/02/2024 20:00;1/02/2024 20:59;41,07
1/02/2024 19:00;1/02/2024 19:59;36,19
1/02/2024 18:00;1/02/2024 18:59;35,84
1/02/2024 17:00;1/02/2024 17:59;55,58
1/02/2024 16:00;1/02/2024 16:59;36,6
1/02/2024 15:00;1/02/2024 15:59;25,85
1/02/2024 14:00;1/02/2024 14:59;26,62
1/02/2024 13:00;1/02/2024 13:59;22,81
1/02/2024 12:00;1/02/2024 12:59;30,54
1/02/2024 11:00;1/02/2024 11:59;39,97
1/02/2024 10:00;1/02/2024 10:59;49,99
1/02/2024 9:00;1/02/2024 9:59;80,13
1/02/2024 8:00;1/02/2024 8:59;108,03
1/02/2024 7:00;1/02/2024 7:59;46,53
1/02/2024 6:00;1/02/2024 6:59;40,57
1/02/2024 5:00;1/02/2024 5:59;36,38
1/02/2024 4:00;1/02/2024 4:59;29,94
1/02/2024 3:00;1/02/2024 3:59;17,23
1/02/2024 2:00;1/02/2024 2:59;20,46
1/02/2024 1:00;1/02/2024 1:59;24,42
1/02/2024 0:00;1/02/2024 0:59;35,31
31/01/2024 23:00;31/01/2024 23:59;27,74
31/01/2024 22:00;31/01/2024 22:59;25,05
31/01/2024 21:00;31/01/2024 21:59;28,37
31/01/2024 20:00;31/01/2024 20:59;59,65
31/01/2024 19:00;31/01/2024 19:59;45,77
31/01/2024 18:00;31/01/2024 18:59;39,54
31/01/2024 17:00;31/01/2024 17:59;39,73
31/01/2024 16:00;31/01/2024 16:59;30,38
31/01/2024 15:00;31/01/2024 15:59;25,28
31/01/2024 14:00;31/01/2024 14:59;32,73
31/01/2024 13:00;31/01/2024 13:59;34,02
31/01/2024 12:00;31/01/2024 12:59;41,97
31/01/2024 11:00;31/01/2024 11:59;61,6
31/01/2024 10:00;31/01/2024 10:59;107,03
31/01/2024 9:00;31/01/2024 9:59;107,25
31/01/2024 8:00;31/01/2024 8:59;114,3
31/01/2024 7:00;31/01/2024 7:59;72,43
31/01/2024 6:00;31/01/2024 6:59;70,94
31/01/2024 5:00;31/01/2024 5:59;54,6
31/01/2024 4:00;31/01/2024 4:59;69,34
31/01/2024 3:00;31/01/2024 3:59;47,28
31/01/2024 2:00;31/01/2024 2:59;42,02
31/01/2024 1:00;31/01/2024 1:59;34,26
31/01/2024 0:00;31/01/2024 0:59;33,3
30/01/2024 23:00;30/01/2024 23:59;36,02
30/01/2024 22:00;30/01/2024 22:59;40,33
30/01/2024 21:00;30/01/2024 21:59;35,03
30/01/2024 20:00;30/01/2024 20:59;39,94
30/01/2024 19:00;30/01/2024 19:59;39,36
30/01/2024 18:00;30/01/2024 18:59;57,66
30/01/2024 17:00;30/01/2024 17:59;51,35
30/01/2024 16:00;30/01/2024 16:59;38,01
30/01/2024 15:00;30/01/2024 15:59;80,7
30/01/2024 14:00;30/01/2024 14:59;85,43
15/12/2023 14:00;15/12/2023 14:59;23,84
15/12/2023 13:00;15/12/2023 13:59;30,89
15/12/2023 12:00;15/12/2023 12:59;35,97
15/12/2023 11:00;15/12/2023 11:59;45,66
15/12/2023 10:00;15/12/2023 10:59;45,95
15/12/2023 9:00;15/12/2023 9:59;38,97
15/12/2023 8:00;15/12/2023 8:59;29,82
15/12/2023 7:00;15/12/2023 7:59;24,3
15/12/2023 6:00;15/12/2023 6:59;19,54
15/12/2023 5:00;15/12/2023 5:59;22,79
15/12/2023 4:00;15/12/2023 4:59;20,66
15/12/2023 3:00;15/12/2023 3:59;36,45
15/12/2023 2:00;15/12/2023 2:59;27,47
15/12/2023 1:00;15/12/2023 1:59;24,75
15/12/2023 0:00;15/12/2023 0:59;36,64
14/12/2023 23:00;14/12/2023 23:59;37,49
14/12/2023 22:00;14/12/2023 22:59;47,18
14/12/2023 21:00;14/12/2023 21:59;61,97
14/12/2023 20:00;14/12/2023 20:59;59,35
14/12/2023 19:00;14/12/2023 19:59;47,9
14/12/2023 18:00;14/12/2023 18:59;47,17
14/12/2023 17:00;14/12/2023 17:59;24,54
14/12/2023 16:00;14/12/2023 16:59;20,3
14/12/2023 15:00;14/12/2023 15:59;25,34
14/12/2023 14:00;14/12/2023 14:59;24,64
14/12/2023 13:00;14/12/2023 13:59;24,11
14/12/2023 12:00;14/12/2023 12:59;74,89
14/12/2023 11:00;14/12/2023 11:59;54,37
14/12/2023 10:00;14/12/2023 10:59;60,4
14/12/2023 9:00;14/12/2023 9:59;85,94
14/12/2023 8:00;14/12/2023 8:59;40,39
14/12/2023 7:00;14/12/2023 7:59;48,93
14/12/2023 6:00;14/12/2023 6:59;69,66
14/12/2023 5:00;14/12/2023 5:59;41,69
14/12/2023 4:00;14/12/2023 4:59;43,91
14/12/2023 3:00;14/12/2023 3:59;22,4
14/12/2023 2:00;14/12/2023 2:59;30,17
14/12/2023 1:00;14/12/2023 1:59;25,96
14/12/2023 0:00;14/12/2023 0:59;24
13/12/2023 23:00;13/12/2023 23:59;32,57
13/12/2023 22:00;13/12/2023 22:59;28,04
13/12/2023 21:00;13/12/2023 21:59;23,97
13/12/2023 20:00;13/12/2023 20:59;33,81
13/12/2023 19:00;13/12/2023 19:59;39,21
13/12/2023 18:00;13/12/2023 18:59;62,1
13/12/2023 17:00;13/12/2023 17:59;31,97
13/12/2023 16:00;13/12/2023 16:59;55,39
13/12/2023 15:00;13/12/2023 15:59;52,05
13/12/2023 14:00;13/12/2023 14:59;60,77
13/12/2023 13:00;13/12/2023 13:59;26,09
13/12/2023 12:00;13/12/2023 12:59;77,6
13/12/2023 11:00;13/12/2023 11:59;40,26
13/12/2023 9:00;13/12/2023 9:59;113,94
13/12/2023 8:00;13/12/2023 8:59;85,5
13/12/2023 7:00;13/12/2023 7:59;64,94
13/12/2023 6:00;13/12/2023 6:59;80,1
13/12/2023 5:00;13/12/2023 5:59;57,33
13/12/2023 4:00;13/12/2023 4:59;29,36
13/12/2023 3:00;13/12/2023 3:59;35,02
13/12/2023 2:00;13/12/2023 2:59;37,36
13/12/2023 1:00;13/12/2023 1:59;15,52
13/12/2023 0:00;13/12/2023 0:59;19,89
12/12/2023 23:00;12/12/2023 23:59;19,63
12/12/2023 22:00;12/12/2023 22:59;29,41
12/12/2023 21:00;12/12/2023 21:59;53,23
12/12/2023 19:00;12/12/2023 19:59;34,04
12/12/2023 18:00;12/12/2023 18:59;23,05
12/12/2023 17:00;12/12/2023 17:59;18,88
12/12/2023 16:00;12/12/2023 16:59;20,08
12/12/2023 15:00;12/12/2023 15:59;37,24
12/12/2023 14:00;12/12/2023 14:59;120,1
12/12/2023 13:00;12/12/2023 13:59;109,6
12/12/2023 12:00;12/12/2023 12:59;112,25
12/12/2023 11:00;12/12/2023 11:59;86,78
12/12/2023 10:00;12/12/2023 10:59;70,07
12/12/2023 9:00;12/12/2023 9:59;111,72
12/12/2023 8:00;12/12/2023 8:59;132,19
12/12/2023 7:00;12/12/2023 7:59;62,12
12/12/2023 6:00;12/12/2023 6:59;47,63
12/12/2023 5:00;12/12/2023 5:59;56,55
12/12/2023 4:00;12/12/2023 4:59;46,74
12/12/2023 3:00;12/12/2023 3:59;51,57
12/12/2023 2:00;12/12/2023 2:59;43,66
12/12/2023 1:00;12/12/2023 1:59;57,71
12/12/2023 0:00;12/12/2023 0:59;77,06
11/12/2023 23:00;11/12/2023 23:59;59,99
11/12/2023 22:00;11/12/2023 22:59;52,79
11/12/2023 21:00;11/12/2023 21:59;29,35
11/12/2023 20:00;11/12/2023 20:59;26,31
11/12/2023 19:00;11/12/2023 19:59;61,6
11/12/2023 18:00;11/12/2023 18:59;89,53
11/12/2023 17:00;11/12/2023 17:59;37,43
11/12/2023 16:00;11/12/2023 16:59;52,95
11/12/2023 15:00;11/12/2023 15:59;44,32
11/12/2023 14:00;11/12/2023 14:59;23,08
11/12/2023 13:00;11/12/2023 13:59;34,2
11/12/2023 12:00;11/12/2023 12:59;41,63
11/12/2023 10:00;11/12/2023 10:59;16,7
11/12/2023 9:00;11/12/2023 9:59;31,06
11/12/2023 8:00;11/12/2023 8:59;55,49
11/12/2023 7:00;11/12/2023 7:59;38,2
11/12/2023 6:00;11/12/2023 6:59;33,2
11/12/2023 5:00;11/12/2023 5:59;18,56
11/12/2023 4:00;11/12/2023 4:59;18,6
11/12/2023 3:00;11/12/2023 3:59;16,46
11/12/2023 2:00;11/12/2023 2:59;19
11/12/2023 1:00;11/12/2023 1:59;16,9
11/12/2023 0:00;11/12/2023 0:59;18,36
10/12/2023 23:00;10/12/2023 23:59;18,38
10/12/2023 22:00;10/12/2023 22:59;11,88
10/12/2023 21:00;10/12/2023 21:59;17,09
10/12/2023 20:00;10/12/2023 20:59;13,57
10/12/2023 19:00;10/12/2023 19:59;11,7
10/12/2023 18:00;10/12/2023 18:59;5
10/12/2023 10:00;10/12/2023 10:59;5,88
10/12/2023 4:00;10/12/2023 4:59;8,38
10/12/2023 2:00;10/12/2023 2:59;9,33
10/12/2023 1:00;10/12/2023 1:59;18,1
10/12/2023 0:00;10/12/2023 0:59;18,63
9/12/2023 22:00;9/12/2023 22:59;24,52
9/12/2023 21:00;9/12/2023 21:59;31,55
9/12/2023 20:00;9/12/2023 20:59;20,15
9/12/2023 19:00;9/12/2023 19:59;13,48
9/12/2023 18:00;9/12/2023 18:59;8,39
9/12/2023 17:00;9/12/2023 17:59;5,36
9/12/2023 15:00;9/12/2023 15:59;4,78
9/12/2023 14:00;9/12/2023 14:59;5,88
9/12/2023 13:00;9/12/2023 13:59;12,23
9/12/2023 12:00;9/12/2023 12:59;13,39
9/12/2023 11:00;9/12/2023 11:59;16,36
9/12/2023 10:00;9/12/2023 10:59;13,58
9/12/2023 9:00;9/12/2023 9:59;17,51
9/12/2023 8:00;9/12/2023 8:59;26,11
9/12/2023 7:00;9/12/2023 7:59;25,14
9/12/2023 6:00;9/12/2023 6:59;20,78
9/12/2023 5:00;9/12/2023 5:59;12,19
9/12/2023 3:00;9/12/2023 3:59;12,95
9/12/2023 2:00;9/12/2023 2:59;18,1
9/12/2023 1:00;9/12/2023 1:59;26,5
9/12/2023 0:00;9/12/2023 0:59;39,45
8/12/2023 23:00;8/12/2023 23:59;40
8/12/2023 22:00;8/12/2023 22:59;35,35
8/12/2023 21:00;8/12/2023 21:59;34,44
8/12/2023 20:00;8/12/2023 20:59;30,53
8/12/2023 19:00;8/12/2023 19:59;26,61
8/12/2023 18:00;8/12/2023 18:59;15,61
8/12/2023 17:00;8/12/2023 17:59;13,05
8/12/2023 16:00;8/12/2023 16:59;11,79
8/12/2023 15:00;8/12/2023 15:59;9,11
8/12/2023 14:00;8/12/2023 14:59;7,8
8/12/2023 13:00;8/12/2023 13:59;6,22
8/12/2023 12:00;8/12/2023 12:59;6,32
8/12/2023 9:00;8/12/2023 9:59;18,06
8/12/2023 8:00;8/12/2023 8:59;29,61
8/12/2023 5:00;8/12/2023 5:59;45,22
8/12/2023 4:00;8/12/2023 4:59;49,15
8/12/2023 3:00;8/12/2023 3:59;37,06
8/12/2023 2:00;8/12/2023 2:59;30,77
8/12/2023 1:00;8/12/2023 1:59;36,66
8/12/2023 0:00;8/12/2023 0:59;41,93
7/12/2023 23:00;7/12/2023 23:59;51,6
7/12/2023 21:00;7/12/2023 21:59;52,3
7/12/2023 20:00;7/12/2023 20:59;27,81
7/12/2023 19:00;7/12/2023 19:59;17,96
7/12/2023 18:00;7/12/2023 18:59;12,19
7/12/2023 17:00;7/12/2023 17:59;14,27
7/12/2023 16:00;7/12/2023 16:59;17,65
7/12/2023 15:00;7/12/2023 15:59;18,85
7/12/2023 14:00;7/12/2023 14:59;37,32
7/12/2023 13:00;7/12/2023 13:59;23,88
7/12/2023 12:00;7/12/2023 12:59;32,5
7/12/2023 11:00;7/12/2023 11:59;33,95
7/12/2023 10:00;7/12/2023 10:59;41,22
7/12/2023 9:00;7/12/2023 9:59;78,53
7/12/2023 8:00;7/12/2023 8:59;97,88
7/12/2023 7:00;7/12/2023 7:59;118,73
7/12/2023 6:00;7/12/2023 6:59;82,31
7/12/2023 5:00;7/12/2023 5:59;43,17
7/12/2023 4:00;7/12/2023 4:59;43,43
7/12/2023 3:00;7/12/2023 3:59;44,79
7/12/2023 2:00;7/12/2023 2:59;53,84
7/12/2023 1:00;7/12/2023 1:59;23,43
7/12/2023 0:00;7/12/2023 0:59;31,34
6/12/2023 23:00;6/12/2023 23:59;34,61
6/12/2023 22:00;6/12/2023 22:59;43,04
6/12/2023 21:00;6/12/2023 21:59;40,62
6/12/2023 20:00;6/12/2023 20:59;29,69
6/12/2023 19:00;6/12/2023 19:59;41,52
6/12/2023 18:00;6/12/2023 18:59;85,66
6/12/2023 17:00;6/12/2023 17:59;26,58
6/12/2023 16:00;6/12/2023 16:59;26,35
6/12/2023 15:00;6/12/2023 15:59;27,29
6/12/2023 14:00;6/12/2023 14:59;14,3
6/12/2023 13:00;6/12/2023 13:59;16,37
6/12/2023 12:00;6/12/2023 12:59;35,9
6/12/2023 11:00;6/12/2023 11:59;28,09
6/12/2023 10:00;6/12/2023 10:59;27,6
6/12/2023 9:00;6/12/2023 9:59;68,34
6/12/2023 8:00;6/12/2023 8:59;110,01
6/12/2023 7:00;6/12/2023 7:59;90,99
6/12/2023 6:00;6/12/2023 6:59;79,37
6/12/2023 5:00;6/12/2023 5:59;35,01
6/12/2023 4:00;6/12/2023 4:59;47,69
6/12/2023 3:00;6/12/2023 3:59;49,85
6/12/2023 2:00;6/12/2023 2:59;53,13
6/12/2023 1:00;6/12/2023 1:59;70,75
6/12/2023 0:00;6/12/2023 0:59;44,06
5/12/2023 23:00;5/12/2023 23:59;32,93
5/12/2023 22:00;5/12/2023 22:59;40,03
5/12/2023 21:00;5/12/2023 21:59;23,33
5/12/2023 20:00;5/12/2023 20:59;40,01
5/12/2023 19:00;5/12/2023 19:59;42,7
5/12/2023 18:00;5/12/2023 18:59;31,77
5/12/2023 17:00;5/12/2023 17:59;17,35
5/12/2023 16:00;5/12/2023 16:59;16,92
5/12/2023 15:00;5/12/2023 15:59;45,6
5/12/2023 14:00;5/12/2023 14:59;31,37
5/12/2023 13:00;5/12/2023 13:59;105,91
5/12/2023 12:00;5/12/2023 12:59;117,78
5/12/2023 11:00;5/12/2023 11:59;118,86
5/12/2023 10:00;5/12/2023 10:59;137,92
5/12/2023 9:00;5/12/2023 9:59;149,39
5/12/2023 8:00;5/12/2023 8:59;101,32
5/12/2023 7:00;5/12/2023 7:59;58,46
5/12/2023 6:00;5/12/2023 6:59;31,64
5/12/2023 5:00;5/12/2023 5:59;33
5/12/2023 4:00;5/12/2023 4:59;71,95
5/12/2023 3:00;5/12/2023 3:59;53,49
5/12/2023 2:00;5/12/2023 2:59;50,19
5/12/2023 1:00;5/12/2023 1:59;76,4
5/12/2023 0:00;5/12/2023 0:59;51,41
4/12/2023 23:00;4/12/2023 23:59;40,38
4/12/2023 22:00;4/12/2023 22:59;37,54
4/12/2023 21:00;4/12/2023 21:59;39,33
4/12/2023 20:00;4/12/2023 20:59;69,36
4/12/2023 19:00;4/12/2023 19:59;109,71
4/12/2023 18:00;4/12/2023 18:59;78,92
4/12/2023 17:00;4/12/2023 17:59;84,98
4/12/2023 16:00;4/12/2023 16:59;59,48
4/12/2023 15:00;4/12/2023 15:59;40,69
4/12/2023 14:00;4/12/2023 14:59;15,06
4/12/2023 13:00;4/12/2023 13:59;22,09
4/12/2023 12:00;4/12/2023 12:59;20,65
4/12/2023 11:00;4/12/2023 11:59;51,75
4/12/2023 10:00;4/12/2023 10:59;27,51
4/12/2023 9:00;4/12/2023 9:59;38,01
4/12/2023 8:00;4/12/2023 8:59;74,69
4/12/2023 7:00;4/12/2023 7:59;50,35
4/12/2023 6:00;4/12/2023 6:59;51,83
4/12/2023 5:00;4/12/2023 5:59;34,24
4/12/2023 4:00;4/12/2023 4:59;25,53
4/12/2023 3:00;4/12/2023 3:59;36,48
4/12/2023 2:00;4/12/2023 2:59;29,18
4/12/2023 1:00;4/12/2023 1:59;29,07
4/12/2023 0:00;4/12/2023 0:59;25,36
3/12/2023 23:00;3/12/2023 23:59;25,69
3/12/2023 22:00;3/12/2023 22:59;25,73
3/12/2023 21:00;3/12/2023 21:59;23,53
3/12/2023 20:00;3/12/2023 20:59;22,35
3/12/2023 19:00;3/12/2023 19:59;28,79
3/12/2023 18:00;3/12/2023 18:59;24,02
3/12/2023 17:00;3/12/2023 17:59;23,09
3/12/2023 16:00;3/12/2023 16:59;12,66
3/12/2023 15:00;3/12/2023 15:59;10,73
3/12/2023 14:00;3/12/2023 14:59;20,9
3/12/2023 13:00;3/12/2023 13:59;19,29
3/12/2023 12:00;3/12/2023 12:59;25,42
3/12/2023 11:00;3/12/2023 11:59;38,21
3/12/2023 10:00;3/12/2023 10:59;42,28
3/12/2023 9:00;3/12/2023 9:59;55,59
3/12/2023 8:00;3/12/2023 8:59;51,06
3/12/2023 7:00;3/12/2023 7:59;63,83
3/12/2023 6:00;3/12/2023 6:59;68,42
3/12/2023 5:00;3/12/2023 5:59;51,52
3/12/2023 4:00;3/12/2023 4:59;36,63
3/12/2023 3:00;3/12/2023 3:59;25,61
3/12/2023 2:00;3/12/2023 2:59;31,31
3/12/2023 1:00;3/12/2023 1:59;27,4
3/12/2023 0:00;3/12/2023 0:59;22,85
2/12/2023 23:00;2/12/2023 23:59;24,18
2/12/2023 22:00;2/12/2023 22:59;25,39
2/12/2023 21:00;2/12/2023 21:59;28,45
2/12/2023 20:00;2/12/2023 20:59;36,56
2/12/2023 19:00;2/12/2023 19:59;26,93
2/12/2023 18:00;2/12/2023 18:59;25,74
2/12/2023 17:00;2/12/2023 17:59;15,54
2/12/2023 16:00;2/12/2023 16:59;9,52
2/12/2023 15:00;2/12/2023 15:59;10,35
2/12/2023 14:00;2/12/2023 14:59;11,92
28/02/2024 22:59;28/02/2024 23:58;25,49
28/02/2024 21:59;28/02/2024 22:58;26,15
28/02/2024 20:59;28/02/2024 21:58;26,69
28/02/2024 19:59;28/02/2024 20:58;22,59
28/02/2024 18:59;28/02/2024 19:58;20,45
28/02/2024 17:59;28/02/2024 18:58;30,05
28/02/2024 16:59;28/02/2024 17:58;20,57
28/02/2024 15:59;28/02/2024 16:58;16,54
28/02/2024 13:59;28/02/2024 14:58;14,1
28/02/2024 12:59;28/02/2024 13:58;14,16
28/02/2024 11:59;28/02/2024 12:58;12,1
28/02/2024 10:59;28/02/2024 11:58;10,49
28/02/2024 9:59;28/02/2024 10:58;12,01
28/02/2024 8:59;28/02/2024 9:58;15,71
28/02/2024 7:59;28/02/2024 8:58;17,42
28/02/2024 6:59;28/02/2024 7:58;23,69
28/02/2024 5:59;28/02/2024 6:58;31,06
28/02/2024 4:59;28/02/2024 5:58;21,64
28/02/2024 3:59;28/02/2024 4:58;22,57
28/02/2024 2:59;28/02/2024 3:58;30,23
28/02/2024 1:59;28/02/2024 2:58;29,06
28/02/2024 0:59;28/02/2024 1:58;27,73
27/02/2024 23:59;28/02/2024 0:58;25,48
27/02/2024 22:59;27/02/2024 23:58;26,62
27/02/2024 21:59;27/02/2024 22:58;30,85
27/02/2024 20:59;27/02/2024 21:58;20,38
27/02/2024 19:59;27/02/2024 20:58;16,28
27/02/2024 18:59;27/02/2024 19:58;16,45
27/02/2024 17:59;27/02/2024 18:58;20,85
27/02/2024 16:59;27/02/2024 17:58;21,53
27/02/2024 15:59;27/02/2024 16:58;15,27
27/02/2024 14:59;27/02/2024 15:58;22,19
27/02/2024 13:59;27/02/2024 14:58;19,39
27/02/2024 12:59;27/02/2024 13:58;17,71
27/02/2024 11:59;27/02/2024 12:58;20,19
27/02/2024 10:59;27/02/2024 11:58;19,78
27/02/2024 9:59;27/02/2024 10:58;23,59
27/02/2024 8:59;27/02/2024 9:58;32,66
27/02/2024 7:59;27/02/2024 8:58;34,47
27/02/2024 6:59;27/02/2024 7:58;52,55
27/02/2024 5:59;27/02/2024 6:58;30,22
27/02/2024 4:59;27/02/2024 5:58;24,79
27/02/2024 3:59;27/02/2024 4:58;24,68
27/02/2024 2:59;27/02/2024 3:58;19,8
27/02/2024 1:59;27/02/2024 2:58;20,6
27/02/2024 0:59;27/02/2024 1:58;23,58
26/02/2024 23:59;27/02/2024 0:58;23,87
26/02/2024 22:59;26/02/2024 23:58;25,07
26/02/2024 21:59;26/02/2024 22:58;26,47
26/02/2024 20:59;26/02/2024 21:58;22,98
26/02/2024 19:59;26/02/2024 20:58;24,47
26/02/2024 18:59;26/02/2024 19:58;22,13
26/02/2024 17:59;26/02/2024 18:58;19,27
26/02/2024 16:59;26/02/2024 17:58;13,61
26/02/2024 15:59;26/02/2024 16:58;13,46
26/02/2024 14:59;26/02/2024 15:58;14,15
26/02/2024 13:59;26/02/2024 14:58;15,4
26/02/2024 12:59;26/02/2024 13:58;14,56
26/02/2024 11:59;26/02/2024 12:58;14,52
26/02/2024 10:59;26/02/2024 11:58;15,15
26/02/2024 9:59;26/02/2024 10:58;18,99
26/02/2024 8:59;26/02/2024 9:58;25,29
26/02/2024 7:59;26/02/2024 8:58;36,9
26/02/2024 6:59;26/02/2024 7:58;39,02
26/02/2024 5:59;26/02/2024 6:58;39,14
26/02/2024 4:59;26/02/2024 5:58;25,62
26/02/2024 3:59;26/02/2024 4:58;22,18
26/02/2024 2:59;26/02/2024 3:58;18,31
26/02/2024 1:59;26/02/2024 2:58;15,4
26/02/2024 0:59;26/02/2024 1:58;15,05
25/02/2024 23:59;26/02/2024 0:58;17,56
25/02/2024 22:59;25/02/2024 23:58;21,58
25/02/2024 21:59;25/02/2024 22:58;22,82
25/02/2024 20:59;25/02/2024 21:58;17,07
25/02/2024 19:59;25/02/2024 20:58;18,11
25/02/2024 18:59;25/02/2024 19:58;15,21
25/02/2024 17:59;25/02/2024 18:58;12,22
25/02/2024 16:59;25/02/2024 17:58;13,22
25/02/2024 15:59;25/02/2024 16:58;14,83
25/02/2024 14:59;25/02/2024 15:58;12,81
25/02/2024 13:59;25/02/2024 14:58;11,6
25/02/2024 12:59;25/02/2024 13:58;11,05
25/02/2024 11:59;25/02/2024 12:58;9,07
25/02/2024 10:59;25/02/2024 11:58;9,08
25/02/2024 9:59;25/02/2024 10:58;14,16
25/02/2024 8:59;25/02/2024 9:58;23,77
25/02/2024 7:59;25/02/2024 8:58;36,5
25/02/2024 6:59;25/02/2024 7:58;38,72
25/02/2024 5:59;25/02/2024 6:58;27,82
25/02/2024 4:59;25/02/2024 5:58;26,36
25/02/2024 3:59;25/02/2024 4:58;28,09
25/02/2024 2:59;25/02/2024 3:58;26,63
25/02/2024 1:59;25/02/2024 2:58;20,31
25/02/2024 0:59;25/02/2024 1:58;18,33
24/02/2024 23:59;25/02/2024 0:58;18,1
24/02/2024 22:59;24/02/2024 23:58;17,01
24/02/2024 21:59;24/02/2024 22:58;18,88
24/02/2024 20:59;24/02/2024 21:58;17,62
24/02/2024 19:59;24/02/2024 20:58;19,44
24/02/2024 18:59;24/02/2024 19:58;15,93
24/02/2024 17:59;24/02/2024 18:58;17,59
24/02/2024 16:59;24/02/2024 17:58;14,74
24/02/2024 15:59;24/02/2024 16:58;15,07
24/02/2024 14:59;24/02/2024 15:58;16,46
24/02/2024 13:59;24/02/2024 14:58;15,9
24/02/2024 12:59;24/02/2024 13:58;12,74
24/02/2024 11:59;24/02/2024 12:58;15,88
24/02/2024 10:59;24/02/2024 11:58;17,34
24/02/2024 9:59;24/02/2024 10:58;20,07
24/02/2024 8:59;24/02/2024 9:58;31,02
24/02/2024 7:59;24/02/2024 8:58;42,53
24/02/2024 6:59;24/02/2024 7:58;56,09
24/02/2024 5:59;24/02/2024 6:58;29,42
24/02/2024 4:59;24/02/2024 5:58;27,24
24/02/2024 3:59;24/02/2024 4:58;29,28
24/02/2024 2:59;24/02/2024 3:58;28,71
24/02/2024 1:59;24/02/2024 2:58;30,41
24/02/2024 0:59;24/02/2024 1:58;31,47
23/02/2024 23:59;24/02/2024 0:58;30,47
23/02/2024 22:59;23/02/2024 23:58;21,54
23/02/2024 21:59;23/02/2024 22:58;25,54
23/02/2024 20:59;23/02/2024 21:58;19,24
23/02/2024 19:59;23/02/2024 20:58;24,65
23/02/2024 18:59;23/02/2024 19:58;21,76
23/02/2024 17:59;23/02/2024 18:58;15,54
23/02/2024 16:59;23/02/2024 17:58;12,95
23/02/2024 15:59;23/02/2024 16:58;11,47
23/02/2024 14:59;23/02/2024 15:58;11,62
23/02/2024 13:59;23/02/2024 14:58;14,31
23/02/2024 12:59;23/02/2024 13:58;11,57
23/02/2024 11:59;23/02/2024 12:58;9,95
23/02/2024 10:59;23/02/2024 11:58;11,44
23/02/2024 9:59;23/02/2024 10:58;15,7
23/02/2024 8:59;23/02/2024 9:58;27,01
23/02/2024 7:59;23/02/2024 8:58;49,41
23/02/2024 6:59;23/02/2024 7:58;67,51
23/02/2024 5:59;23/02/2024 6:58;31,29
23/02/2024 4:59;23/02/2024 5:58;16,25
23/02/2024 3:59;23/02/2024 4:58;7,8
23/02/2024 2:59;23/02/2024 3:58;7,39
23/02/2024 1:59;23/02/2024 2:58;8,28
23/02/2024 0:59;23/02/2024 1:58;8,04
22/02/2024 23:59;23/02/2024 0:58;8,38
22/02/2024 22:59;22/02/2024 23:58;9,31
22/02/2024 21:59;22/02/2024 22:58;9,63
22/02/2024 20:59;22/02/2024 21:58;8,42
22/02/2024 19:59;22/02/2024 20:58;14,01
22/02/2024 18:59;22/02/2024 19:58;13,15
22/02/2024 17:59;22/02/2024 18:58;5,24
22/02/2024 16:59;22/02/2024 17:58;5,85
22/02/2024 15:59;22/02/2024 16:58;5,04
22/02/2024 14:59;22/02/2024 15:58;5,47
22/02/2024 13:59;22/02/2024 14:58;4,55
22/02/2024 12:59;22/02/2024 13:58;4,29
22/02/2024 11:59;22/02/2024 12:58;3,76
22/02/2024 10:59;22/02/2024 11:58;5,04
22/02/2024 9:59;22/02/2024 10:58;17,13
22/02/2024 8:59;22/02/2024 9:58;42,38
22/02/2024 7:59;22/02/2024 8:58;57,34
22/02/2024 6:59;22/02/2024 7:58;72,09
22/02/2024 5:59;22/02/2024 6:58;72
22/02/2024 4:59;22/02/2024 5:58;43,56
22/02/2024 3:59;22/02/2024 4:58;26,47
22/02/2024 2:59;22/02/2024 3:58;26,09
22/02/2024 1:59;22/02/2024 2:58;31,88
22/02/2024 0:59;22/02/2024 1:58;18,52
21/02/2024 23:59;22/02/2024 0:58;22,88
21/02/2024 22:59;21/02/2024 23:58;40,18
21/02/2024 21:59;21/02/2024 22:58;20,33
21/02/2024 20:59;21/02/2024 21:58;12,13
21/02/2024 19:59;21/02/2024 20:58;14,19
21/02/2024 18:59;21/02/2024 19:58;13,19
21/02/2024 17:59;21/02/2024 18:58;11,94
21/02/2024 16:59;21/02/2024 17:58;8,88
21/02/2024 15:59;21/02/2024 16:58;8,86
21/02/2024 14:59;21/02/2024 15:58;8,74
21/02/2024 13:59;21/02/2024 14:58;8,72
21/02/2024 12:59;21/02/2024 13:58;7,84
21/02/2024 11:59;21/02/2024 12:58;8,9
21/02/2024 10:59;21/02/2024 11:58;7,2
21/02/2024 9:59;21/02/2024 10:58;21,91
21/02/2024 8:59;21/02/2024 9:58;47,77
21/02/2024 7:59;21/02/2024 8:58;59,96
21/02/2024 6:59;21/02/2024 7:58;81,76
21/02/2024 5:59;21/02/2024 6:58;68,01
21/02/2024 4:59;21/02/2024 5:58;46,71
21/02/2024 3:59;21/02/2024 4:58;18,28
21/02/2024 2:59;21/02/2024 3:58;16,07
21/02/2024 1:59;21/02/2024 2:58;15,62
21/02/2024 0:59;21/02/2024 1:58;16,63
20/02/2024 23:59;21/02/2024 0:58;17,16
20/02/2024 22:59;20/02/2024 23:58;8,12
20/02/2024 21:59;20/02/2024 22:58;8,98
20/02/2024 20:59;20/02/2024 21:58;11,11
20/02/2024 19:59;20/02/2024 20:58;8,89
20/02/2024 18:59;20/02/2024 19:58;8,54
20/02/2024 17:59;20/02/2024 18:58;10,66
20/02/2024 16:59;20/02/2024 17:58;7,37
20/02/2024 15:59;20/02/2024 16:58;7,87
20/02/2024 14:59;20/02/2024 15:58;8,18
20/02/2024 13:59;20/02/2024 14:58;11,81
20/02/2024 12:59;20/02/2024 13:58;12,33
20/02/2024 11:59;20/02/2024 12:58;13,13
20/02/2024 10:59;20/02/2024 11:58;21,61
20/02/2024 9:59;20/02/2024 10:58;27,17
20/02/2024 8:59;20/02/2024 9:58;23,39
20/02/2024 7:59;20/02/2024 8:58;41,02
20/02/2024 6:59;20/02/2024 7:58;60,71
20/02/2024 5:59;20/02/2024 6:58;44,38
20/02/2024 4:59;20/02/2024 5:58;37,42
20/02/2024 3:59;20/02/2024 4:58;21,11
20/02/2024 2:59;20/02/2024 3:58;17,41
20/02/2024 1:59;20/02/2024 2:58;13,94
20/02/2024 0:59;20/02/2024 1:58;12,88
19/02/2024 23:59;20/02/2024 0:58;16,48
19/02/2024 22:59;19/02/2024 23:58;11,93
19/02/2024 21:59;19/02/2024 22:58;10,91
19/02/2024 20:59;19/02/2024 21:58;10,97
19/02/2024 19:59;19/02/2024 20:58;13,34
19/02/2024 18:59;19/02/2024 19:58;10,94
19/02/2024 17:59;19/02/2024 18:58;10,1
19/02/2024 15:59;19/02/2024 16:58;12,23
19/02/2024 14:59;19/02/2024 15:58;11,69
19/02/2024 13:59;19/02/2024 14:58;13,6
19/02/2024 12:59;19/02/2024 13:58;14,32
19/02/2024 11:59;19/02/2024 12:58;16,68
19/02/2024 10:59;19/02/2024 11:58;18,3
19/02/2024 9:59;19/02/2024 10:58;19,36
19/02/2024 8:59;19/02/2024 9:58;37,9
19/02/2024 7:59;19/02/2024 8:58;63,31
19/02/2024 6:59;19/02/2024 7:58;89,49
19/02/2024 5:59;19/02/2024 6:58;52,11
19/02/2024 4:59;19/02/2024 5:58;36,62
19/02/2024 3:59;19/02/2024 4:58;22,49
19/02/2024 2:59;19/02/2024 3:58;19,66
19/02/2024 1:59;19/02/2024 2:58;20,19
19/02/2024 0:59;19/02/2024 1:58;13,29
18/02/2024 23:59;19/02/2024 0:58;11,48
18/02/2024 22:59;18/02/2024 23:58;16,58
18/02/2024 21:59;18/02/2024 22:58;15,99
18/02/2024 20:59;18/02/2024 21:58;16,25
18/02/2024 19:59;18/02/2024 20:58;15,33
18/02/2024 18:59;18/02/2024 19:58;13,95
18/02/2024 17:59;18/02/2024 18:58;13,73
18/02/2024 16:59;18/02/2024 17:58;11,15
18/02/2024 15:59;18/02/2024 16:58;8,36
18/02/2024 14:59;18/02/2024 15:58;8,4
18/02/2024 13:59;18/02/2024 14:58;7,89
18/02/2024 12:59;18/02/2024 13:58;7,95
18/02/2024 11:59;18/02/2024 12:58;7,43
18/02/2024 10:59;18/02/2024 11:58;7,71
18/02/2024 9:59;18/02/2024 10:58;9,46
18/02/2024 8:59;18/02/2024 9:58;23,13
18/02/2024 7:59;18/02/2024 8:58;24,2
18/02/2024 6:59;18/02/2024 7:58;27,78
18/02/2024 5:59;18/02/2024 6:58;28,66
18/02/2024 4:59;18/02/2024 5:58;26,85
18/02/2024 3:59;18/02/2024 4:58;25,15
18/02/2024 2:59;18/02/2024 3:58;23,85
18/02/2024 1:59;18/02/2024 2:58;12,26
18/02/2024 0:59;18/02/2024 1:58;9,7
17/02/2024 23:59;18/02/2024 0:58;13,35
17/02/2024 22:59;17/02/2024 23:58;17,84
17/02/2024 21:59;17/02/2024 22:58;7,93
17/02/2024 20:59;17/02/2024 21:58;10,97
17/02/2024 19:59;17/02/2024 20:58;16,85
17/02/2024 18:59;17/02/2024 19:58;14,89
17/02/2024 17:59;17/02/2024 18:58;13,89
17/02/2024 16:59;17/02/2024 17:58;8,64
17/02/2024 15:59;17/02/2024 16:58;10,91
17/02/2024 14:59;17/02/2024 15:58;12,63
17/02/2024 13:59;17/02/2024 14:58;10,64
17/02/2024 12:59;17/02/2024 13:58;8,99
17/02/2024 11:59;17/02/2024 12:58;11,46
17/02/2024 10:59;17/02/2024 11:58;16,97
17/02/2024 9:59;17/02/2024 10:58;16,13
17/02/2024 8:59;17/02/2024 9:58;16,95
17/02/2024 7:59;17/02/2024 8:58;15,76
17/02/2024 6:59;17/02/2024 7:58;12,23
17/02/2024 5:59;17/02/2024 6:58;17,95
17/02/2024 4:59;17/02/2024 5:58;8,48
17/02/2024 3:59;17/02/2024 4:58;8,18
17/02/2024 2:59;17/02/2024 3:58;7,68
17/02/2024 1:59;17/02/2024 2:58;5,49
17/02/2024 0:59;17/02/2024 1:58;7,92
16/02/2024 23:59;17/02/2024 0:58;11,39
16/02/2024 22:59;16/02/2024 23:58;7,09
16/02/2024 21:59;16/02/2024 22:58;6,59
16/02/2024 20:59;16/02/2024 21:58;7,93
16/02/2024 19:59;16/02/2024 20:58;10,31
16/02/2024 18:59;16/02/2024 19:58;9,15
16/02/2024 17:59;16/02/2024 18:58;12,74
16/02/2024 16:59;16/02/2024 17:58;10,59
16/02/2024 15:59;16/02/2024 16:58;12,73
16/02/2024 14:59;16/02/2024 15:58;16,31
16/02/2024 13:59;16/02/2024 14:58;9,55
16/02/2024 11:59;16/02/2024 12:58;11,45
16/02/2024 10:59;16/02/2024 11:58;14,19
16/02/2024 9:59;16/02/2024 10:58;17,85
16/02/2024 8:59;16/02/2024 9:58;16,86
16/02/2024 7:59;16/02/2024 8:58;21,65
16/02/2024 6:59;16/02/2024 7:58;25,14
16/02/2024 5:59;16/02/2024 6:58;27
16/02/2024 4:59;16/02/2024 5:58;29,27
16/02/2024 3:59;16/02/2024 4:58;21,94
16/02/2024 2:59;16/02/2024 3:58;13,7
16/02/2024 1:59;16/02/2024 2:58;11,11
16/02/2024 0:59;16/02/2024 1:58;7,55
15/02/2024 23:59;16/02/2024 0:58;13,15
15/02/2024 22:59;15/02/2024 23:58;18,92
15/02/2024 21:59;15/02/2024 22:58;17,63
15/02/2024 20:59;15/02/2024 21:58;17,97
15/02/2024 19:59;15/02/2024 20:58;19,9
15/02/2024 18:59;15/02/2024 19:58;19,64
15/02/2024 17:59;15/02/2024 18:58;21,38
15/02/2024 16:59;15/02/2024 17:58;20,66
15/02/2024 15:59;15/02/2024 16:58;15,08
15/02/2024 14:59;15/02/2024 15:58;13,91
15/02/2024 13:59;15/02/2024 14:58;12,56
15/02/2024 12:59;15/02/2024 13:58;12,96
15/02/2024 11:59;15/02/2024 12:58;17,73
15/02/2024 10:59;15/02/2024 11:58;19,77
15/02/2024 9:59;15/02/2024 10:58;18,13
15/02/2024 8:59;15/02/2024 9:58;20,37
15/02/2024 7:59;15/02/2024 8:58;21,78
15/02/2024 6:59;15/02/2024 7:58;34,37
15/02/2024 5:59;15/02/2024 6:58;41,64
15/02/2024 4:59;15/02/2024 5:58;27,63
15/02/2024 3:59;15/02/2024 4:58;24,95
15/02/2024 2:59;15/02/2024 3:58;26,2
15/02/2024 1:59;15/02/2024 2:58;23,56
15/02/2024 0:59;15/02/2024 1:58;20,51
14/02/2024 23:59;15/02/2024 0:58;24,2
14/02/2024 22:59;14/02/2024 23:58;24,43
14/02/2024 21:59;14/02/2024 22:58;34,01
14/02/2024 20:59;14/02/2024 21:58;36,43
14/02/2024 19:59;14/02/2024 20:58;40,28
14/02/2024 18:59;14/02/2024 19:58;23,9
14/02/2024 17:59;14/02/2024 18:58;24,55
14/02/2024 16:59;14/02/2024 17:58;23,16
14/02/2024 15:59;14/02/2024 16:58;22,27
14/02/2024 14:59;14/02/2024 15:58;18,52
14/02/2024 13:59;14/02/2024 14:58;21,3
14/02/2024 12:59;14/02/2024 13:58;14,35
14/02/2024 11:59;14/02/2024 12:58;11,36
14/02/2024 10:59;14/02/2024 11:58;13,53
14/02/2024 9:59;14/02/2024 10:58;9,63
14/02/2024 8:59;14/02/2024 9:58;12,32
14/02/2024 7:59;14/02/2024 8:58;29,49
14/02/2024 6:59;14/02/2024 7:58;31,72
14/02/2024 5:59;14/02/2024 6:58;29,7
14/02/2024 4:59;14/02/2024 5:58;26,31
14/02/2024 3:59;14/02/2024 4:58;25,34
14/02/2024 2:59;14/02/2024 3:58;21,45
14/02/2024 1:59;14/02/2024 2:58;19,19
14/02/2024 0:59;14/02/2024 1:58;23,9
13/02/2024 23:59;14/02/2024 0:58;21,54
13/02/2024 22:59;13/02/2024 23:58;21,59
13/02/2024 21:59;13/02/2024 22:58;18,44
13/02/2024 20:59;13/02/2024 21:58;21,51
13/02/2024 19:59;13/02/2024 20:58;19,98
13/02/2024 18:59;13/02/2024 19:58;22,25
13/02/2024 17:59;13/02/2024 18:58;26,16
13/02/2024 16:59;13/02/2024 17:58;18,18
13/02/2024 15:59;13/02/2024 16:58;14,61
13/02/2024 14:59;13/02/2024 15:58;15,45
13/02/2024 13:59;13/02/2024 14:58;12,95
13/02/2024 12:59;13/02/2024 13:58;9,76
13/02/2024 11:59;13/02/2024 12:58;12,18
13/02/2024 10:59;13/02/2024 11:58;21,17
13/02/2024 9:59;13/02/2024 10:58;26,25
13/02/2024 8:59;13/02/2024 9:58;25,03
13/02/2024 7:59;13/02/2024 8:58;63,64
13/02/2024 6:59;13/02/2024 7:58;86,59
13/02/2024 5:59;13/02/2024 6:58;75,29
13/02/2024 4:59;13/02/2024 5:58;32,78
13/02/2024 3:59;13/02/2024 4:58;39,45
13/02/2024 2:59;13/02/2024 3:58;25,96
13/02/2024 1:59;13/02/2024 2:58;26,24
13/02/2024 0:59;13/02/2024 1:58;19,73
12/02/2024 23:59;13/02/2024 0:58;16,07
12/02/2024 22:59;12/02/2024 23:58;16,23
12/02/2024 21:59;12/02/2024 22:58;17,39
12/02/2024 20:59;12/02/2024 21:58;19,9
12/02/2024 19:59;12/02/2024 20:58;18,97
12/02/2024 18:59;12/02/2024 19:58;19,41
12/02/2024 17:59;12/02/2024 18:58;17,43
12/02/2024 16:59;12/02/2024 17:58;14,8
12/02/2024 15:59;12/02/2024 16:58;9,44
12/02/2024 14:59;12/02/2024 15:58;7,76
12/02/2024 13:59;12/02/2024 14:58;7,44
12/02/2024 12:59;12/02/2024 13:58;7,92
12/02/2024 11:59;12/02/2024 12:58;8,85
12/02/2024 10:59;12/02/2024 11:58;9,95
12/02/2024 9:59;12/02/2024 10:58;12,11
12/02/2024 8:59;12/02/2024 9:58;27,83
12/02/2024 7:59;12/02/2024 8:58;58,95
12/02/2024 6:59;12/02/2024 7:58;60,99
12/02/2024 5:59;12/02/2024 6:58;40,05
12/02/2024 4:59;12/02/2024 5:58;20,36
12/02/2024 3:59;12/02/2024 4:58;17,52
12/02/2024 2:59;12/02/2024 3:58;19,42
12/02/2024 1:59;12/02/2024 2:58;14,84
12/02/2024 0:59;12/02/2024 1:58;14,57
11/02/2024 23:59;12/02/2024 0:58;13,78
11/02/2024 22:59;11/02/2024 23:58;12,77
11/02/2024 21:59;11/02/2024 22:58;12,82
11/02/2024 20:59;11/02/2024 21:58;14,68
11/02/2024 19:59;11/02/2024 20:58;10,88
11/02/2024 18:59;11/02/2024 19:58;12,1
11/02/2024 17:59;11/02/2024 18:58;13,04
11/02/2024 16:59;11/02/2024 17:58;9,38
11/02/2024 15:59;11/02/2024 16:58;4,82
11/02/2024 14:59;11/02/2024 15:58;6,55
11/02/2024 13:59;11/02/2024 14:58;4,99
11/02/2024 12:59;11/02/2024 13:58;5,17
11/02/2024 11:59;11/02/2024 12:58;4,93
11/02/2024 10:59;11/02/2024 11:58;5,76
11/02/2024 9:59;11/02/2024 10:58;6,86
11/02/2024 8:59;11/02/2024 9:58;13,14
11/02/2024 7:59;11/02/2024 8:58;31,43
11/02/2024 6:59;11/02/2024 7:58;27,03
11/02/2024 5:59;11/02/2024 6:58;19,95
11/02/2024 4:59;11/02/2024 5:58;18,77
11/02/2024 3:59;11/02/2024 4:58;16,71
11/02/2024 2:59;11/02/2024 3:58;6,89
11/02/2024 1:59;11/02/2024 2:58;10,89
11/02/2024 0:59;11/02/2024 1:58;15,4
10/02/2024 23:59;11/02/2024 0:58;6,99
10/02/2024 22:59;10/02/2024 23:58;4,62
10/02/2024 21:59;10/02/2024 22:58;8,84
10/02/2024 20:59;10/02/2024 21:58;12,99
10/02/2024 19:59;10/02/2024 20:58;11,63
10/02/2024 18:59;10/02/2024 19:58;13,76
10/02/2024 17:59;10/02/2024 18:58;10,63
10/02/2024 16:59;10/02/2024 17:58;9,39
10/02/2024 15:59;10/02/2024 16:58;8,03
10/02/2024 14:59;10/02/2024 15:58;4,68
10/02/2024 13:59;10/02/2024 14:58;7,89
10/02/2024 12:59;10/02/2024 13:58;8,51
10/02/2024 11:59;10/02/2024 12:58;10,04
10/02/2024 10:59;10/02/2024 11:58;9,34
10/02/2024 9:59;10/02/2024 10:58;12,75
10/02/2024 8:59;10/02/2024 9:58;10,07
10/02/2024 7:59;10/02/2024 8:58;11,56
10/02/2024 6:59;10/02/2024 7:58;17,43
10/02/2024 5:59;10/02/2024 6:58;15,58
10/02/2024 4:59;10/02/2024 5:58;15,24
10/02/2024 3:59;10/02/2024 4:58;12,01
10/02/2024 2:59;10/02/2024 3:58;6,16
10/02/2024 1:59;10/02/2024 2:58;6,97
10/02/2024 0:59;10/02/2024 1:58;7,16
9/02/2024 23:59;10/02/2024 0:58;6,8
9/02/2024 22:59;9/02/2024 23:58;11,64
9/02/2024 21:59;9/02/2024 22:58;8,97
9/02/2024 20:59;9/02/2024 21:58;9,84
9/02/2024 19:59;9/02/2024 20:58;12,62
9/02/2024 18:59;9/02/2024 19:58;12,12
9/02/2024 17:59;9/02/2024 18:58;11,61
9/02/2024 16:59;9/02/2024 17:58;10,66
9/02/2024 15:59;9/02/2024 16:58;9,69
9/02/2024 14:59;9/02/2024 15:58;11,5
9/02/2024 13:59;9/02/2024 14:58;6,37
9/02/2024 12:59;9/02/2024 13:58;16,33
9/02/2024 11:59;9/02/2024 12:58;15,61
9/02/2024 10:59;9/02/2024 11:58;12,36
9/02/2024 9:59;9/02/2024 10:58;11,49
9/02/2024 8:59;9/02/2024 9:58;9,75
9/02/2024 7:59;9/02/2024 8:58;11,11
9/02/2024 6:59;9/02/2024 7:58;9,8
9/02/2024 5:59;9/02/2024 6:58;9,99
9/02/2024 4:59;9/02/2024 5:58;13,9
9/02/2024 3:59;9/02/2024 4:58;19,64
9/02/2024 2:59;9/02/2024 3:58;11,71
9/02/2024 1:59;9/02/2024 2:58;17,49
9/02/2024 0:59;9/02/2024 1:58;14,86
8/02/2024 23:59;9/02/2024 0:58;13,66
8/02/2024 22:59;8/02/2024 23:58;16,85
8/02/2024 21:59;8/02/2024 22:58;24,68
8/02/2024 20:59;8/02/2024 21:58;14,64
8/02/2024 19:59;8/02/2024 20:58;22,91
8/02/2024 18:59;8/02/2024 19:58;19,91
8/02/2024 17:59;8/02/2024 18:58;18,9
8/02/2024 16:59;8/02/2024 17:58;10,9
8/02/2024 15:59;8/02/2024 16:58;11,86
8/02/2024 14:59;8/02/2024 15:58;11,51
8/02/2024 13:59;8/02/2024 14:58;13,36
8/02/2024 12:59;8/02/2024 13:58;12,6
8/02/2024 11:59;8/02/2024 12:58;10,61
8/02/2024 10:59;8/02/2024 11:58;14,4
8/02/2024 9:59;8/02/2024 10:58;11,4
8/02/2024 8:59;8/02/2024 9:58;42,51
8/02/2024 7:59;8/02/2024 8:58;32,89
8/02/2024 6:59;8/02/2024 7:58;38
8/02/2024 5:59;8/02/2024 6:58;44,86
8/02/2024 4:59;8/02/2024 5:58;48,27
8/02/2024 3:59;8/02/2024 4:58;19,27
8/02/2024 2:59;8/02/2024 3:58;22,23
8/02/2024 1:59;8/02/2024 2:58;22,1
8/02/2024 0:59;8/02/2024 1:58;11,41
7/02/2024 23:59;8/02/2024 0:58;9,96
7/02/2024 22:59;7/02/2024 23:58;15,92
7/02/2024 21:59;7/02/2024 22:58;18,3
7/02/2024 20:59;7/02/2024 21:58;20,7
7/02/2024 19:59;7/02/2024 20:58;11,7
7/02/2024 18:59;7/02/2024 19:58;20,53
7/02/2024 17:59;7/02/2024 18:58;17,9
7/02/2024 16:59;7/02/2024 17:58;10,38
7/02/2024 15:59;7/02/2024 16:58;8,82
7/02/2024 14:59;7/02/2024 15:58;10,25
7/02/2024 13:59;7/02/2024 14:58;6,3
7/02/2024 12:59;7/02/2024 13:58;8,58
7/02/2024 11:59;7/02/2024 12:58;8,09
7/02/2024 10:59;7/02/2024 11:58;7,1
7/02/2024 9:59;7/02/2024 10:58;7,94
7/02/2024 8:59;7/02/2024 9:58;9,41
7/02/2024 7:59;7/02/2024 8:58;19,36
7/02/2024 6:59;7/02/2024 7:58;19,04
7/02/2024 5:59;7/02/2024 6:58;19,34
7/02/2024 4:59;7/02/2024 5:58;13,07
7/02/2024 3:59;7/02/2024 4:58;20,57
7/02/2024 2:59;7/02/2024 3:58;27,39
7/02/2024 1:59;7/02/2024 2:58;22,63
7/02/2024 0:59;7/02/2024 1:58;19,54
6/02/2024 23:59;7/02/2024 0:58;21,17
6/02/2024 22:59;6/02/2024 23:58;17,97
6/02/2024 21:59;6/02/2024 22:58;17,39
6/02/2024 20:59;6/02/2024 21:58;18,08
6/02/2024 19:59;6/02/2024 20:58;14,48
6/02/2024 18:59;6/02/2024 19:58;14,14
6/02/2024 17:59;6/02/2024 18:58;12,39
6/02/2024 16:59;6/02/2024 17:58;13,63
6/02/2024 15:59;6/02/2024 16:58;10,2
6/02/2024 14:59;6/02/2024 15:58;8,4
6/02/2024 12:59;6/02/2024 13:58;6,74
6/02/2024 11:59;6/02/2024 12:58;12,36
6/02/2024 10:59;6/02/2024 11:58;17,74
6/02/2024 9:59;6/02/2024 10:58;14,29
6/02/2024 8:59;6/02/2024 9:58;8,98
6/02/2024 7:59;6/02/2024 8:58;15,74
6/02/2024 6:59;6/02/2024 7:58;21,46
6/02/2024 5:59;6/02/2024 6:58;11,76
6/02/2024 4:59;6/02/2024 5:58;12,4
6/02/2024 3:59;6/02/2024 4:58;13,25
6/02/2024 2:59;6/02/2024 3:58;15
6/02/2024 1:59;6/02/2024 2:58;16,39
6/02/2024 0:59;6/02/2024 1:58;19,32
5/02/2024 23:59;6/02/2024 0:58;11,56
5/02/2024 22:59;5/02/2024 23:58;11,48
5/02/2024 21:59;5/02/2024 22:58;11,19
5/02/2024 20:59;5/02/2024 21:58;9,93
5/02/2024 19:59;5/02/2024 20:58;9,64
5/02/2024 18:59;5/02/2024 19:58;7,05
5/02/2024 17:59;5/02/2024 18:58;4,67
5/02/2024 16:59;5/02/2024 17:58;6,81
5/02/2024 15:59;5/02/2024 16:58;7,04
5/02/2024 14:59;5/02/2024 15:58;8,32
5/02/2024 13:59;5/02/2024 14:58;14,66
5/02/2024 12:59;5/02/2024 13:58;8,69
5/02/2024 11:59;5/02/2024 12:58;12,56
5/02/2024 10:59;5/02/2024 11:58;13,61
5/02/2024 9:59;5/02/2024 10:58;10,75
5/02/2024 8:59;5/02/2024 9:58;16,3
5/02/2024 7:59;5/02/2024 8:58;13,99
5/02/2024 6:59;5/02/2024 7:58;14,4
5/02/2024 5:59;5/02/2024 6:58;11,91
5/02/2024 4:59;5/02/2024 5:58;16,15
5/02/2024 3:59;5/02/2024 4:58;9,16
5/02/2024 2:59;5/02/2024 3:58;8,53
5/02/2024 1:59;5/02/2024 2:58;4,94
5/02/2024 0:59;5/02/2024 1:58;5,96
4/02/2024 23:59;5/02/2024 0:58;9,04
4/02/2024 22:59;4/02/2024 23:58;12,83
4/02/2024 21:59;4/02/2024 22:58;11,95
4/02/2024 20:59;4/02/2024 21:58;12,4
4/02/2024 19:59;4/02/2024 20:58;10,68
4/02/2024 18:59;4/02/2024 19:58;9,17
4/02/2024 17:59;4/02/2024 18:58;8,34
4/02/2024 16:59;4/02/2024 17:58;6,31
4/02/2024 15:59;4/02/2024 16:58;5,47
4/02/2024 14:59;4/02/2024 15:58;5,05
4/02/2024 13:59;4/02/2024 14:58;6,02
4/02/2024 12:59;4/02/2024 13:58;6,27
4/02/2024 11:59;4/02/2024 12:58;4,74
4/02/2024 10:59;4/02/2024 11:58;7,03
4/02/2024 9:59;4/02/2024 10:58;8,58
4/02/2024 8:59;4/02/2024 9:58;16,49
4/02/2024 7:59;4/02/2024 8:58;13,81
4/02/2024 6:59;4/02/2024 7:58;10,97
4/02/2024 5:59;4/02/2024 6:58;9,19
4/02/2024 4:59;4/02/2024 5:58;4,01
4/02/2024 3:59;4/02/2024 4:58;3,1
4/02/2024 1:59;4/02/2024 2:58;7,65
4/02/2024 0:59;4/02/2024 1:58;9,62
3/02/2024 23:59;4/02/2024 0:58;14,25
3/02/2024 22:59;3/02/2024 23:58;16,6
3/02/2024 21:59;3/02/2024 22:58;16,12
3/02/2024 20:59;3/02/2024 21:58;21,02
3/02/2024 19:59;3/02/2024 20:58;17,9
3/02/2024 18:59;3/02/2024 19:58;10,93
3/02/2024 17:59;3/02/2024 18:58;8,02
3/02/2024 16:59;3/02/2024 17:58;7,49
3/02/2024 15:59;3/02/2024 16:58;6,26
3/02/2024 13:59;3/02/2024 14:58;7,74
3/02/2024 12:59;3/02/2024 13:58;7,95
3/02/2024 11:59;3/02/2024 12:58;13,08
3/02/2024 10:59;3/02/2024 11:58;14,8
3/02/2024 9:59;3/02/2024 10:58;16,51
3/02/2024 8:59;3/02/2024 9:58;18,45
3/02/2024 7:59;3/02/2024 8:58;31,29
3/02/2024 6:59;3/02/2024 7:58;32,23
3/02/2024 5:59;3/02/2024 6:58;27,54
3/02/2024 4:59;3/02/2024 5:58;24,02
3/02/2024 3:59;3/02/2024 4:58;24,29
3/02/2024 2:59;3/02/2024 3:58;23,22
3/02/2024 1:59;3/02/2024 2:58;21,56
3/02/2024 0:59;3/02/2024 1:58;16,4
2/02/2024 23:59;3/02/2024 0:58;15,29
2/02/2024 22:59;2/02/2024 23:58;14,97
2/02/2024 21:59;2/02/2024 22:58;16,25
2/02/2024 20:59;2/02/2024 21:58;19,33
2/02/2024 19:59;2/02/2024 20:58;19,15
2/02/2024 18:59;2/02/2024 19:58;21,04
2/02/2024 17:59;2/02/2024 18:58;24,73
2/02/2024 16:59;2/02/2024 17:58;20,43
2/02/2024 15:59;2/02/2024 16:58;12,66
2/02/2024 14:59;2/02/2024 15:58;10,51
2/02/2024 13:59;2/02/2024 14:58;12,64
2/02/2024 12:59;2/02/2024 13:58;11,84
2/02/2024 11:59;2/02/2024 12:58;14,2
2/02/2024 10:59;2/02/2024 11:58;15,34
2/02/2024 9:59;2/02/2024 10:58;19,02
2/02/2024 8:59;2/02/2024 9:58;19,54
2/02/2024 7:59;2/02/2024 8:58;22,99
2/02/2024 6:59;2/02/2024 7:58;39,78
2/02/2024 5:59;2/02/2024 6:58;28,22
2/02/2024 4:59;2/02/2024 5:58;17,21
2/02/2024 3:59;2/02/2024 4:58;16,68
2/02/2024 2:59;2/02/2024 3:58;15,91
2/02/2024 1:59;2/02/2024 2:58;17,67
2/02/2024 0:59;2/02/2024 1:58;15,38
1/02/2024 23:59;2/02/2024 0:58;17,59
1/02/2024 22:59;1/02/2024 23:58;16,78
1/02/2024 21:59;1/02/2024 22:58;18,21
1/02/2024 20:59;1/02/2024 21:58;24,57
1/02/2024 19:59;1/02/2024 20:58;25,47
1/02/2024 18:59;1/02/2024 19:58;26,31
1/02/2024 17:59;1/02/2024 18:58;25,78
1/02/2024 16:59;1/02/2024 17:58;23,1
1/02/2024 15:59;1/02/2024 16:58;22,16
1/02/2024 14:59;1/02/2024 15:58;12,96
1/02/2024 13:59;1/02/2024 14:58;12,91
1/02/2024 12:59;1/02/2024 13:58;12,55
1/02/2024 11:59;1/02/2024 12:58;11,37
1/02/2024 10:59;1/02/2024 11:58;15,38
1/02/2024 9:59;1/02/2024 10:58;16,48
1/02/2024 8:59;1/02/2024 9:58;28,19
1/02/2024 7:59;1/02/2024 8:58;36,58
1/02/2024 6:59;1/02/2024 7:58;38,17
1/02/2024 5:59;1/02/2024 6:58;26,41
1/02/2024 4:59;1/02/2024 5:58;27,36
1/02/2024 3:59;1/02/2024 4:58;13,56
1/02/2024 2:59;1/02/2024 3:58;15,08
1/02/2024 1:59;1/02/2024 2:58;8,13
1/02/2024 0:59;1/02/2024 1:58;11,43
31/01/2024 23:59;1/02/2024 0:58;12,53
31/01/2024 22:59;31/01/2024 23:58;16,44
31/01/2024 21:59;31/01/2024 22:58;15,74
31/01/2024 20:59;31/01/2024 21:58;15,28
31/01/2024 19:59;31/01/2024 20:58;13,17
31/01/2024 18:59;31/01/2024 19:58;22,22
31/01/2024 17:59;31/01/2024 18:58;25,77
31/01/2024 16:59;31/01/2024 17:58;20,63
31/01/2024 15:59;31/01/2024 16:58;17,56
31/01/2024 14:59;31/01/2024 15:58;15,03
31/01/2024 13:59;31/01/2024 14:58;13,53
31/01/2024 12:59;31/01/2024 13:58;13,03
31/01/2024 11:59;31/01/2024 12:58;14,28
31/01/2024 10:59;31/01/2024 11:58;13,3
31/01/2024 9:59;31/01/2024 10:58;23,42
31/01/2024 8:59;31/01/2024 9:58;58,88
31/01/2024 7:59;31/01/2024 8:58;53,21
31/01/2024 6:59;31/01/2024 7:58;63,46
31/01/2024 5:59;31/01/2024 6:58;62,57
31/01/2024 4:59;31/01/2024 5:58;52,46
31/01/2024 3:59;31/01/2024 4:58;41,76
31/01/2024 2:59;31/01/2024 3:58;35,56
31/01/2024 1:59;31/01/2024 2:58;26,85
31/01/2024 0:59;31/01/2024 1:58;19,5
30/01/2024 23:59;31/01/2024 0:58;18,73
30/01/2024 22:59;30/01/2024 23:58;18,69
30/01/2024 21:59;30/01/2024 22:58;24,67
30/01/2024 20:59;30/01/2024 21:58;25,52
30/01/2024 19:59;30/01/2024 20:58;22,06
30/01/2024 18:59;30/01/2024 19:58;22,01
30/01/2024 17:59;30/01/2024 18:58;24,1
30/01/2024 16:59;30/01/2024 17:58;26,73
30/01/2024 15:59;30/01/2024 16:58;23,86
30/01/2024 14:59;30/01/2024 15:58;18,62
30/01/2024 13:59;30/01/2024 14:58;10,43
30/01/2024 12:59;30/01/2024 13:58;14,59
30/01/2024 11:59;30/01/2024 12:58;17,87
30/01/2024 10:59;30/01/2024 11:58;17,52
30/01/2024 9:59;30/01/2024 10:58;23,53
30/01/2024 8:59;30/01/2024 9:58;64,04
30/01/2024 7:59;30/01/2024 8:58;54,84
30/01/2024 6:59;30/01/2024 7:58;35,18
30/01/2024 5:59;30/01/2024 6:58;43,42
30/01/2024 4:59;30/01/2024 5:58;46,17
30/01/2024 3:59;30/01/2024 4:58;31,94
30/01/2024 2:59;30/01/2024 3:58;23,01
30/01/2024 1:59;30/01/2024 2:58;19,12
30/01/2024 0:59;30/01/2024 1:58;18,49
29/01/2024 23:59;30/01/2024 0:58;22,48
29/01/2024 22:59;29/01/2024 23:58;24,66
29/01/2024 21:59;29/01/2024 22:58;22,88
29/01/2024 20:59;29/01/2024 21:58;26,94
29/01/2024 19:59;29/01/2024 20:58;23,5
29/01/2024 18:59;29/01/2024 19:58;18,73
29/01/2024 17:59;29/01/2024 18:58;25,05
29/01/2024 16:59;29/01/2024 17:58;28,55
29/01/2024 15:59;29/01/2024 16:58;27,28
29/01/2024 14:59;29/01/2024 15:58;26,23
29/01/2024 13:59;29/01/2024 14:58;10,03
29/01/2024 12:59;29/01/2024 13:58;8,06
29/01/2024 11:59;29/01/2024 12:58;9,16
29/01/2024 10:59;29/01/2024 11:58;11,8
29/01/2024 9:59;29/01/2024 10:58;15,84
29/01/2024 8:59;29/01/2024 9:58;15,3
29/01/2024 7:59;29/01/2024 8:58;18,51
29/01/2024 6:59;29/01/2024 7:58;22,58
29/01/2024 5:59;29/01/2024 6:58;19,63
29/01/2024 4:59;29/01/2024 5:58;18,69
29/01/2024 3:59;29/01/2024 4:58;18,92
29/01/2024 2:59;29/01/2024 3:58;16,12
29/01/2024 1:59;29/01/2024 2:58;16,67
29/01/2024 0:59;29/01/2024 1:58;17,66
28/01/2024 23:59;29/01/2024 0:58;17,94
28/01/2024 22:59;28/01/2024 23:58;18,42
28/01/2024 21:59;28/01/2024 22:58;18,28
28/01/2024 20:59;28/01/2024 21:58;17,3
28/01/2024 19:59;28/01/2024 20:58;16,11
28/01/2024 18:59;28/01/2024 19:58;13,06
28/01/2024 16:59;28/01/2024 17:58;21,9
28/01/2024 15:59;28/01/2024 16:58;18,99
28/01/2024 14:59;28/01/2024 15:58;19,85
28/01/2024 13:59;28/01/2024 14:58;18,4
28/01/2024 12:59;28/01/2024 13:58;18,87
28/01/2024 11:59;28/01/2024 12:58;18,42
28/01/2024 10:59;28/01/2024 11:58;18,39
28/01/2024 9:59;28/01/2024 10:58;19,35
28/01/2024 8:59;28/01/2024 9:58;29,32
28/01/2024 7:59;28/01/2024 8:58;40,04
28/01/2024 6:59;28/01/2024 7:58;47,98
28/01/2024 5:59;28/01/2024 6:58;48,37
28/01/2024 4:59;28/01/2024 5:58;46,51
28/01/2024 3:59;28/01/2024 4:58;43,55
28/01/2024 2:59;28/01/2024 3:58;39,9
28/01/2024 1:59;28/01/2024 2:58;31,27
28/01/2024 0:59;28/01/2024 1:58;35,6
27/01/2024 23:59;28/01/2024 0:58;38,59
27/01/2024 22:59;27/01/2024 23:58;33,19
27/01/2024 21:59;27/01/2024 22:58;30,74
27/01/2024 20:59;27/01/2024 21:58;53,48
27/01/2024 19:59;27/01/2024 20:58;33,66
27/01/2024 18:59;27/01/2024 19:58;28,73
27/01/2024 17:59;27/01/2024 18:58;22,95
27/01/2024 16:59;27/01/2024 17:58;24,8
27/01/2024 15:59;27/01/2024 16:58;20,84
27/01/2024 14:59;27/01/2024 15:58;19,7
27/01/2024 13:59;27/01/2024 14:58;21,29
27/01/2024 12:59;27/01/2024 13:58;17,75
27/01/2024 11:59;27/01/2024 12:58;18,72
27/01/2024 10:59;27/01/2024 11:58;25,09
27/01/2024 9:59;27/01/2024 10:58;24,64
27/01/2024 8:59;27/01/2024 9:58;44,12
27/01/2024 7:59;27/01/2024 8:58;88,73
27/01/2024 6:59;27/01/2024 7:58;101,52
27/01/2024 5:59;27/01/2024 6:58;77,34
27/01/2024 4:59;27/01/2024 5:58;84,44
27/01/2024 3:59;27/01/2024 4:58;69,2
27/01/2024 2:59;27/01/2024 3:58;56,09
27/01/2024 1:59;27/01/2024 2:58;61,17
27/01/2024 0:59;27/01/2024 1:58;54,32
26/01/2024 23:59;27/01/2024 0:58;33,72
26/01/2024 22:59;26/01/2024 23:58;19,62
26/01/2024 21:59;26/01/2024 22:58;23,2
26/01/2024 20:59;26/01/2024 21:58;24,7
26/01/2024 19:59;26/01/2024 20:58;26,38
26/01/2024 18:59;26/01/2024 19:58;27,45
26/01/2024 17:59;26/01/2024 18:58;21,82
26/01/2024 16:59;26/01/2024 17:58;22,56
26/01/2024 15:59;26/01/2024 16:58;18,3
26/01/2024 14:59;26/01/2024 15:58;19,27
26/01/2024 13:59;26/01/2024 14:58;17,32
26/01/2024 12:59;26/01/2024 13:58;16,38
26/01/2024 11:59;26/01/2024 12:58;24,89
26/01/2024 10:59;26/01/2024 11:58;34,27
26/01/2024 9:59;26/01/2024 10:58;33,26
26/01/2024 8:59;26/01/2024 9:58;52,75
26/01/2024 7:59;26/01/2024 8:58;101,91
26/01/2024 6:59;26/01/2024 7:58;111,49
26/01/2024 5:59;26/01/2024 6:58;99,66
26/01/2024 4:59;26/01/2024 5:58;96,94
26/01/2024 3:59;26/01/2024 4:58;93,06
26/01/2024 2:59;26/01/2024 3:58;99,51
26/01/2024 1:59;26/01/2024 2:58;131,38
26/01/2024 0:59;26/01/2024 1:58;105,3
25/01/2024 23:59;26/01/2024 0:58;42,12
25/01/2024 22:59;25/01/2024 23:58;25,81
25/01/2024 21:59;25/01/2024 22:58;23,61
25/01/2024 20:59;25/01/2024 21:58;21,87
25/01/2024 20:00;25/01/2024 20:58;21,96
25/01/2024 19:00;25/01/2024 19:58;21,36
25/01/2024 18:00;25/01/2024 18:58;21,67
25/01/2024 16:59;25/01/2024 17:58;21,51
25/01/2024 15:59;25/01/2024 16:58;15,75
25/01/2024 14:59;25/01/2024 15:58;20,36
25/01/2024 13:59;25/01/2024 14:58;21,52
25/01/2024 12:59;25/01/2024 13:58;22,2
25/01/2024 11:59;25/01/2024 12:58;29,12
25/01/2024 10:59;25/01/2024 11:58;37,64
25/01/2024 9:59;25/01/2024 10:58;63,54
25/01/2024 8:59;25/01/2024 9:58;121,69
25/01/2024 7:59;25/01/2024 8:58;79,52
25/01/2024 6:59;25/01/2024 7:58;59,33
25/01/2024 5:59;25/01/2024 6:58;55,26
25/01/2024 4:59;25/01/2024 5:58;56,66
25/01/2024 3:59;25/01/2024 4:58;40,04
25/01/2024 2:59;25/01/2024 3:58;27,59
25/01/2024 1:59;25/01/2024 2:58;33,73
25/01/2024 0:59;25/01/2024 1:58;11,69
24/01/2024 23:59;25/01/2024 0:58;23,6
24/01/2024 22:59;24/01/2024 23:58;21,98
24/01/2024 21:59;24/01/2024 22:58;17,94
24/01/2024 20:59;24/01/2024 21:58;12,79
24/01/2024 19:59;24/01/2024 20:58;15,11
24/01/2024 18:59;24/01/2024 19:58;23,13
24/01/2024 17:59;24/01/2024 18:58;15,93
24/01/2024 16:59;24/01/2024 17:58;12,77
24/01/2024 15:59;24/01/2024 16:58;13,76
24/01/2024 14:59;24/01/2024 15:58;12,4
24/01/2024 13:59;24/01/2024 14:58;36,51
24/01/2024 12:59;24/01/2024 13:58;32,62
24/01/2024 11:59;24/01/2024 12:58;35,44
24/01/2024 10:59;24/01/2024 11:58;28,21
24/01/2024 9:59;24/01/2024 10:58;26,12
24/01/2024 8:59;24/01/2024 9:58;21,61
24/01/2024 7:59;24/01/2024 8:58;64,86
24/01/2024 6:59;24/01/2024 7:58;66,17
24/01/2024 5:59;24/01/2024 6:58;52,64
24/01/2024 4:59;24/01/2024 5:58;27,61
24/01/2024 3:59;24/01/2024 4:58;28,14
24/01/2024 2:59;24/01/2024 3:58;24,34
24/01/2024 1:59;24/01/2024 2:58;20,7
24/01/2024 0:59;24/01/2024 1:58;19,93
23/01/2024 23:59;24/01/2024 0:58;18,01
23/01/2024 22:59;23/01/2024 23:58;13,53
23/01/2024 21:59;23/01/2024 22:58;14,89
23/01/2024 20:59;23/01/2024 21:58;14,2
23/01/2024 19:59;23/01/2024 20:58;21,63
23/01/2024 18:59;23/01/2024 19:58;25,89
23/01/2024 17:59;23/01/2024 18:58;16,66
23/01/2024 16:59;23/01/2024 17:58;11,95
23/01/2024 15:59;23/01/2024 16:58;12,48
23/01/2024 14:59;23/01/2024 15:58;15,84
23/01/2024 13:59;23/01/2024 14:58;16,37
23/01/2024 12:59;23/01/2024 13:58;16,17
23/01/2024 11:59;23/01/2024 12:58;16,09
23/01/2024 10:59;23/01/2024 11:58;16,24
23/01/2024 9:59;23/01/2024 10:58;16,7
23/01/2024 8:59;23/01/2024 9:58;12,96
23/01/2024 7:59;23/01/2024 8:58;46,98
23/01/2024 6:59;23/01/2024 7:58;68,32
23/01/2024 5:59;23/01/2024 6:58;46,76
23/01/2024 4:59;23/01/2024 5:58;33,65
23/01/2024 3:59;23/01/2024 4:58;26,78
23/01/2024 2:59;23/01/2024 3:58;20,3
23/01/2024 1:59;23/01/2024 2:58;24,02
23/01/2024 0:59;23/01/2024 1:58;24,57
22/01/2024 23:59;23/01/2024 0:58;21,24
22/01/2024 22:59;22/01/2024 23:58;22,33
22/01/2024 21:59;22/01/2024 22:58;17,2
22/01/2024 20:59;22/01/2024 21:58;21,81
22/01/2024 19:59;22/01/2024 20:58;20,8
22/01/2024 18:59;22/01/2024 19:58;24,01
22/01/2024 17:59;22/01/2024 18:58;23,54
22/01/2024 16:59;22/01/2024 17:58;7,97
22/01/2024 15:59;22/01/2024 16:58;6,92
22/01/2024 14:59;22/01/2024 15:58;11,2
22/01/2024 13:59;22/01/2024 14:58;10
22/01/2024 12:59;22/01/2024 13:58;9,06
22/01/2024 11:59;22/01/2024 12:58;12,63
22/01/2024 10:59;22/01/2024 11:58;14,2
22/01/2024 9:59;22/01/2024 10:58;11,8
22/01/2024 8:59;22/01/2024 9:58;15,69
22/01/2024 7:59;22/01/2024 8:58;22,51
22/01/2024 6:59;22/01/2024 7:58;32,1
22/01/2024 5:59;22/01/2024 6:58;19,07
22/01/2024 4:59;22/01/2024 5:58;21,88
22/01/2024 3:59;22/01/2024 4:58;14,6
22/01/2024 2:59;22/01/2024 3:58;8,65
22/01/2024 1:59;22/01/2024 2:58;9,79
22/01/2024 0:59;22/01/2024 1:58;13,35
21/01/2024 23:59;22/01/2024 0:58;10,23
21/01/2024 22:59;21/01/2024 23:58;11,22
21/01/2024 21:59;21/01/2024 22:58;16,09
21/01/2024 20:59;21/01/2024 21:58;18,33
21/01/2024 19:59;21/01/2024 20:58;16,23
21/01/2024 18:59;21/01/2024 19:58;15,63
21/01/2024 17:59;21/01/2024 18:58;14,22
21/01/2024 16:59;21/01/2024 17:58;10,09
21/01/2024 15:59;21/01/2024 16:58;7,69
21/01/2024 14:59;21/01/2024 15:58;7,99
21/01/2024 13:59;21/01/2024 14:58;6,81
21/01/2024 12:59;21/01/2024 13:58;6,59
21/01/2024 11:59;21/01/2024 12:58;7,99
21/01/2024 10:59;21/01/2024 11:58;7,11
21/01/2024 9:59;21/01/2024 10:58;6,83
21/01/2024 8:59;21/01/2024 9:58;6,51
21/01/2024 7:59;21/01/2024 8:58;7,54
21/01/2024 6:59;21/01/2024 7:58;5,05
21/01/2024 5:59;21/01/2024 6:58;6,14
21/01/2024 4:59;21/01/2024 5:58;10,4
21/01/2024 3:59;21/01/2024 4:58;15,96
21/01/2024 2:59;21/01/2024 3:58;20,98
21/01/2024 1:59;21/01/2024 2:58;23,97
21/01/2024 0:59;21/01/2024 1:58;23,09
20/01/2024 23:59;21/01/2024 0:58;27,52
20/01/2024 22:59;20/01/2024 23:58;13,34
20/01/2024 21:59;20/01/2024 22:58;17,63
20/01/2024 20:59;20/01/2024 21:58;18,18
20/01/2024 19:59;20/01/2024 20:58;19,06
20/01/2024 18:59;20/01/2024 19:58;15,84
20/01/2024 17:59;20/01/2024 18:58;15,83
20/01/2024 16:59;20/01/2024 17:58;14,33
20/01/2024 15:59;20/01/2024 16:58;6,37
20/01/2024 14:59;20/01/2024 15:58;9,51
20/01/2024 13:59;20/01/2024 14:58;8,5
20/01/2024 12:59;20/01/2024 13:58;6,42
20/01/2024 11:59;20/01/2024 12:58;9,18
20/01/2024 10:59;20/01/2024 11:58;16,15
20/01/2024 9:59;20/01/2024 10:58;22,79
20/01/2024 8:59;20/01/2024 9:58;38,55
20/01/2024 7:59;20/01/2024 8:58;38,76
20/01/2024 6:59;20/01/2024 7:58;48,86
20/01/2024 5:59;20/01/2024 6:58;33,6
20/01/2024 4:59;20/01/2024 5:58;30,92
20/01/2024 3:59;20/01/2024 4:58;39,27
20/01/2024 2:59;20/01/2024 3:58;27,89
20/01/2024 1:59;20/01/2024 2:58;26,72
20/01/2024 0:59;20/01/2024 1:58;30,23
19/01/2024 23:59;20/01/2024 0:58;42,9
19/01/2024 22:59;19/01/2024 23:58;13,69
19/01/2024 21:59;19/01/2024 22:58;14,33
19/01/2024 20:59;19/01/2024 21:58;21,38
19/01/2024 19:59;19/01/2024 20:58;19,47
19/01/2024 18:59;19/01/2024 19:58;16,9
19/01/2024 17:59;19/01/2024 18:58;23,74
19/01/2024 16:59;19/01/2024 17:58;15,78
19/01/2024 15:59;19/01/2024 16:58;11,71
19/01/2024 14:59;19/01/2024 15:58;11,01
19/01/2024 13:59;19/01/2024 14:58;20,28
19/01/2024 12:59;19/01/2024 13:58;8,34
19/01/2024 11:59;19/01/2024 12:58;10,22
19/01/2024 10:59;19/01/2024 11:58;11,38
19/01/2024 9:59;19/01/2024 10:58;14,31
19/01/2024 8:59;19/01/2024 9:58;16,19
19/01/2024 7:59;19/01/2024 8:58;60,37
19/01/2024 6:59;19/01/2024 7:58;78,78
19/01/2024 5:59;19/01/2024 6:58;28,34
19/01/2024 4:59;19/01/2024 5:58;22,75
19/01/2024 3:59;19/01/2024 4:58;23,36
19/01/2024 2:59;19/01/2024 3:58;14,49
19/01/2024 1:59;19/01/2024 2:58;6,11
19/01/2024 0:59;19/01/2024 1:58;17,1
18/01/2024 23:59;19/01/2024 0:58;7,55
18/01/2024 22:59;18/01/2024 23:58;8,35
18/01/2024 21:59;18/01/2024 22:58;19,51
18/01/2024 20:59;18/01/2024 21:58;11,93
18/01/2024 19:59;18/01/2024 20:58;15,42
18/01/2024 18:59;18/01/2024 19:58;18,99
18/01/2024 17:59;18/01/2024 18:58;20,79
18/01/2024 16:59;18/01/2024 17:58;17,67
18/01/2024 15:59;18/01/2024 16:58;17,21
18/01/2024 14:59;18/01/2024 15:58;16,53
18/01/2024 13:59;18/01/2024 14:58;20,8
18/01/2024 12:59;18/01/2024 13:58;14,85
18/01/2024 11:59;18/01/2024 12:58;10,84
18/01/2024 10:59;18/01/2024 11:58;11,85
18/01/2024 9:59;18/01/2024 10:58;14,53
18/01/2024 8:59;18/01/2024 9:58;12,6
18/01/2024 7:59;18/01/2024 8:58;23,41
18/01/2024 6:59;18/01/2024 7:58;35,06
18/01/2024 5:59;18/01/2024 6:58;52,86
18/01/2024 4:59;18/01/2024 5:58;32,58
18/01/2024 3:59;18/01/2024 4:58;16,68
18/01/2024 2:59;18/01/2024 3:58;13,36
18/01/2024 1:59;18/01/2024 2:58;13,54
18/01/2024 0:59;18/01/2024 1:58;17,94
17/01/2024 23:59;18/01/2024 0:58;19,73
17/01/2024 22:59;17/01/2024 23:58;18,64
17/01/2024 21:59;17/01/2024 22:58;26,13
17/01/2024 20:59;17/01/2024 21:58;30,33
17/01/2024 19:59;17/01/2024 20:58;18,01
17/01/2024 18:59;17/01/2024 19:58;20,07
17/01/2024 17:59;17/01/2024 18:58;20,81
17/01/2024 16:59;17/01/2024 17:58;13,72
17/01/2024 15:59;17/01/2024 16:58;14,39
17/01/2024 14:59;17/01/2024 15:58;17,43
17/01/2024 13:59;17/01/2024 14:58;13,38
17/01/2024 12:59;17/01/2024 13:58;12,39
17/01/2024 11:59;17/01/2024 12:58;13,01
17/01/2024 10:59;17/01/2024 11:58;14,06
17/01/2024 9:59;17/01/2024 10:58;13,69
17/01/2024 8:59;17/01/2024 9:58;22,44
17/01/2024 7:59;17/01/2024 8:58;55,1
17/01/2024 6:59;17/01/2024 7:58;71,55
17/01/2024 5:59;17/01/2024 6:58;70,93
17/01/2024 4:59;17/01/2024 5:58;43,08
17/01/2024 3:59;17/01/2024 4:58;31,65
17/01/2024 2:59;17/01/2024 3:58;21,34
17/01/2024 1:59;17/01/2024 2:58;20,13
17/01/2024 0:59;17/01/2024 1:58;11,3
16/01/2024 23:59;17/01/2024 0:58;17,2
16/01/2024 22:59;16/01/2024 23:58;14,03
16/01/2024 21:59;16/01/2024 22:58;10,48
16/01/2024 20:59;16/01/2024 21:58;12,63
16/01/2024 19:59;16/01/2024 20:58;14,71
16/01/2024 18:59;16/01/2024 19:58;16,46
16/01/2024 17:59;16/01/2024 18:58;24,88
16/01/2024 16:59;16/01/2024 17:58;14,47
16/01/2024 15:59;16/01/2024 16:58;8,83
16/01/2024 14:59;16/01/2024 15:58;9,44
16/01/2024 13:59;16/01/2024 14:58;9,5
16/01/2024 12:59;16/01/2024 13:58;9,4
16/01/2024 11:59;16/01/2024 12:58;9,76
16/01/2024 10:59;16/01/2024 11:58;10,81
16/01/2024 9:59;16/01/2024 10:58;10,17
16/01/2024 8:59;16/01/2024 9:58;18,41
16/01/2024 8:00;16/01/2024 8:59;55,73
16/01/2024 7:00;16/01/2024 7:59;66,06
16/01/2024 6:00;16/01/2024 6:59;39,52
16/01/2024 5:00;16/01/2024 5:59;28,94
16/01/2024 4:00;16/01/2024 4:59;19,67
16/01/2024 3:00;16/01/2024 3:59;13,19
16/01/2024 2:00;16/01/2024 2:59;16,78
16/01/2024 1:00;16/01/2024 1:59;23,23
16/01/2024 0:00;16/01/2024 0:59;9,93
15/01/2024 23:00;15/01/2024 23:59;7,32
15/01/2024 22:00;15/01/2024 22:59;9,96
15/01/2024 21:00;15/01/2024 21:59;11,9
15/01/2024 20:00;15/01/2024 20:59;10,62
15/01/2024 19:00;15/01/2024 19:59;14,31
15/01/2024 18:00;15/01/2024 18:59;16,62
15/01/2024 17:00;15/01/2024 17:59;13,67
15/01/2024 16:00;15/01/2024 16:59;10,05
15/01/2024 14:59;15/01/2024 15:59;9,2
15/01/2024 13:59;15/01/2024 14:59;10,81
15/01/2024 12:59;15/01/2024 13:59;12,48
15/01/2024 12:00;15/01/2024 12:59;11,99
15/01/2024 11:00;15/01/2024 11:59;10,64
15/01/2024 9:59;15/01/2024 10:58;10,61
15/01/2024 8:59;15/01/2024 9:58;21,83
15/01/2024 8:00;15/01/2024 8:59;59,99
15/01/2024 7:00;15/01/2024 7:59;53,28
15/01/2024 6:00;15/01/2024 6:59;55,76
15/01/2024 5:00;15/01/2024 5:59;16,29
15/01/2024 4:00;15/01/2024 4:59;19,55
15/01/2024 3:00;15/01/2024 3:59;20,94
15/01/2024 2:00;15/01/2024 2:59;26,05
15/01/2024 1:00;15/01/2024 1:59;18,68
15/01/2024 0:00;15/01/2024 0:59;16,4
14/01/2024 23:00;14/01/2024 23:59;18,08
14/01/2024 22:00;14/01/2024 22:59;17
14/01/2024 21:00;14/01/2024 21:59;19,76
14/01/2024 20:00;14/01/2024 20:59;19,03
14/01/2024 19:00;14/01/2024 19:59;16,62
14/01/2024 18:00;14/01/2024 18:59;16,16
14/01/2024 17:00;14/01/2024 17:59;14,71
14/01/2024 16:00;14/01/2024 16:59;13,14
14/01/2024 15:00;14/01/2024 15:59;12,05
14/01/2024 14:00;14/01/2024 14:59;10,39
14/01/2024 13:00;14/01/2024 13:59;8,47
14/01/2024 12:00;14/01/2024 12:59;7,8
14/01/2024 11:00;14/01/2024 11:59;9,51
14/01/2024 9:59;14/01/2024 10:58;13,83
14/01/2024 8:59;14/01/2024 9:58;16,2
14/01/2024 8:00;14/01/2024 8:59;33,27
14/01/2024 7:00;14/01/2024 7:59;41,8
14/01/2024 6:00;14/01/2024 6:59;28,34
14/01/2024 5:00;14/01/2024 5:59;26,16
14/01/2024 4:00;14/01/2024 4:59;25,96
14/01/2024 3:00;14/01/2024 3:59;24,73
14/01/2024 2:00;14/01/2024 2:59;19,1
14/01/2024 1:00;14/01/2024 1:59;18,4
14/01/2024 0:00;14/01/2024 0:59;16,51
13/01/2024 22:59;13/01/2024 23:58;18,92
13/01/2024 22:00;13/01/2024 22:59;20,14
13/01/2024 20:59;13/01/2024 21:58;17,65
13/01/2024 20:00;13/01/2024 20:59;19,93
13/01/2024 19:00;13/01/2024 19:59;19,21
13/01/2024 18:00;13/01/2024 18:59;16,29
13/01/2024 16:59;13/01/2024 17:59;16,16
13/01/2024 15:59;13/01/2024 16:59;16,09
13/01/2024 15:00;13/01/2024 15:59;16,79
13/01/2024 13:59;13/01/2024 14:58;23,29
13/01/2024 12:59;13/01/2024 13:58;14,3
13/01/2024 11:59;13/01/2024 12:58;13,45
13/01/2024 10:59;13/01/2024 11:58;14,2
13/01/2024 9:59;13/01/2024 10:58;21,53
13/01/2024 8:59;13/01/2024 9:58;24,8
13/01/2024 8:00;13/01/2024 8:59;36,12
13/01/2024 7:00;13/01/2024 7:59;62,47
13/01/2024 6:00;13/01/2024 6:59;30,06
13/01/2024 5:00;13/01/2024 5:59;30,86
13/01/2024 4:00;13/01/2024 4:59;12,92
13/01/2024 3:00;13/01/2024 3:59;20,76
13/01/2024 2:00;13/01/2024 2:59;30,69
13/01/2024 1:00;13/01/2024 1:59;22,89
13/01/2024 0:00;13/01/2024 0:59;26,87
12/01/2024 23:00;12/01/2024 23:59;24,25
12/01/2024 22:00;12/01/2024 22:59;17,08
12/01/2024 21:00;12/01/2024 21:59;17,52
12/01/2024 20:00;12/01/2024 20:59;17,05
12/01/2024 19:00;12/01/2024 19:59;19,04
12/01/2024 18:00;12/01/2024 18:59;16,05
12/01/2024 17:00;12/01/2024 17:59;16,35
12/01/2024 16:00;12/01/2024 16:59;13,39
12/01/2024 14:59;12/01/2024 15:58;11,06
12/01/2024 13:59;12/01/2024 14:58;8,15
12/01/2024 12:59;12/01/2024 13:58;7,84
12/01/2024 12:00;12/01/2024 12:59;12,54
12/01/2024 11:00;12/01/2024 11:59;19,18
12/01/2024 10:00;12/01/2024 10:59;16,75
12/01/2024 9:00;12/01/2024 9:59;24,82
12/01/2024 8:00;12/01/2024 8:59;40,05
12/01/2024 7:00;12/01/2024 7:59;35,89
12/01/2024 6:00;12/01/2024 6:59;32,39
12/01/2024 5:00;12/01/2024 5:59;28,05
12/01/2024 4:00;12/01/2024 4:59;21,73
12/01/2024 3:00;12/01/2024 3:59;23,72
12/01/2024 2:00;12/01/2024 2:59;23,18
12/01/2024 1:00;12/01/2024 1:59;17,9
12/01/2024 0:00;12/01/2024 0:59;16,56
11/01/2024 23:00;11/01/2024 23:59;17,04
11/01/2024 22:00;11/01/2024 22:59;16,92
11/01/2024 21:00;11/01/2024 21:59;15,7
11/01/2024 20:00;11/01/2024 20:59;14,15
11/01/2024 19:00;11/01/2024 19:59;23,18
11/01/2024 18:00;11/01/2024 18:59;20,66
11/01/2024 17:00;11/01/2024 17:59;17,79
11/01/2024 16:00;11/01/2024 16:59;16,26
11/01/2024 14:59;11/01/2024 15:58;8,06
11/01/2024 13:59;11/01/2024 14:58;10,27
11/01/2024 12:59;11/01/2024 13:58;9,79
11/01/2024 12:00;11/01/2024 12:59;12,09
11/01/2024 11:00;11/01/2024 11:59;10,2
11/01/2024 10:00;11/01/2024 10:59;10,46
11/01/2024 9:00;11/01/2024 9:59;14,83
11/01/2024 8:00;11/01/2024 8:59;49
11/01/2024 7:00;11/01/2024 7:59;71,39
11/01/2024 6:00;11/01/2024 6:59;47,65
11/01/2024 5:00;11/01/2024 5:59;22,45
11/01/2024 4:00;11/01/2024 4:59;19,98
11/01/2024 3:00;11/01/2024 3:59;12,91
11/01/2024 2:00;11/01/2024 2:59;18,37
11/01/2024 1:00;11/01/2024 1:59;16,18
11/01/2024 0:00;11/01/2024 0:59;22,53
10/01/2024 23:00;10/01/2024 23:59;18,09
10/01/2024 22:00;10/01/2024 22:59;13,54
10/01/2024 21:00;10/01/2024 21:59;20,69
10/01/2024 20:00;10/01/2024 20:59;16,07
10/01/2024 19:00;10/01/2024 19:59;18,37
10/01/2024 18:00;10/01/2024 18:59;14,61
10/01/2024 17:00;10/01/2024 17:59;12,49
10/01/2024 17:00;10/01/2024 17:59;8,41
10/01/2024 16:00;10/01/2024 16:59;9,55
10/01/2024 15:00;10/01/2024 15:59;12,88
10/01/2024 14:00;10/01/2024 14:59;10,04
10/01/2024 13:00;10/01/2024 13:59;7,21
10/01/2024 12:00;10/01/2024 12:59;13,4
10/01/2024 11:00;10/01/2024 11:59;15,37
10/01/2024 10:00;10/01/2024 10:59;22,79
10/01/2024 9:00;10/01/2024 9:59;50,67
10/01/2024 8:00;10/01/2024 8:59;52,53
10/01/2024 7:00;10/01/2024 7:59;47,53
10/01/2024 6:00;10/01/2024 6:59;41,93
10/01/2024 5:00;10/01/2024 5:59;39,72
10/01/2024 4:00;10/01/2024 4:59;21,79
10/01/2024 3:00;10/01/2024 3:59;27,54
10/01/2024 2:00;10/01/2024 2:59;31,49
10/01/2024 1:00;10/01/2024 1:59;32,42
10/01/2024 0:00;10/01/2024 0:59;13,42
9/01/2024 23:00;9/01/2024 23:59;16,76
9/01/2024 22:00;9/01/2024 22:59;17,26
9/01/2024 21:00;9/01/2024 21:59;17,25
9/01/2024 20:00;9/01/2024 20:59;15,52
9/01/2024 19:00;9/01/2024 19:59;16,67
9/01/2024 18:00;9/01/2024 18:59;18,61
9/01/2024 17:00;9/01/2024 17:59;12,09
9/01/2024 16:00;9/01/2024 16:59;9,55
9/01/2024 15:00;9/01/2024 15:59;9,77
9/01/2024 14:00;9/01/2024 14:59;12,75
9/01/2024 13:00;9/01/2024 13:59;9,71
9/01/2024 12:00;9/01/2024 12:59;10,3
9/01/2024 11:00;9/01/2024 11:59;19,9
9/01/2024 10:00;9/01/2024 10:59;37,4
9/01/2024 9:00;9/01/2024 9:59;55,07
9/01/2024 8:00;9/01/2024 8:59;60,07
9/01/2024 7:00;9/01/2024 7:59;32,65
9/01/2024 6:00;9/01/2024 6:59;29,01
9/01/2024 5:00;9/01/2024 5:59;26,59
9/01/2024 4:00;9/01/2024 4:59;24,39
9/01/2024 3:00;9/01/2024 3:59;15,5
9/01/2024 2:00;9/01/2024 2:59;21,55
9/01/2024 1:00;9/01/2024 1:59;26,15
9/01/2024 0:00;9/01/2024 0:59;12,39
8/01/2024 23:00;8/01/2024 23:59;18,3
8/01/2024 22:00;8/01/2024 22:59;16,14
8/01/2024 21:00;8/01/2024 21:59;15,65
8/01/2024 20:00;8/01/2024 20:59;18,49
8/01/2024 19:00;8/01/2024 19:59;15,98
8/01/2024 18:00;8/01/2024 18:59;12,47
8/01/2024 17:00;8/01/2024 17:59;10,1
8/01/2024 16:00;8/01/2024 16:59;8,84
8/01/2024 15:00;8/01/2024 15:59;8,21
8/01/2024 14:00;8/01/2024 14:59;6,72
8/01/2024 13:00;8/01/2024 13:59;8,34
8/01/2024 12:00;8/01/2024 12:59;8,12
8/01/2024 11:00;8/01/2024 11:59;6,62
8/01/2024 10:00;8/01/2024 10:59;18,62
8/01/2024 9:00;8/01/2024 9:59;20,13
8/01/2024 8:00;8/01/2024 8:59;18,08
8/01/2024 7:00;8/01/2024 7:59;26,32
8/01/2024 6:00;8/01/2024 6:59;21,22
8/01/2024 5:00;8/01/2024 5:59;20,23
8/01/2024 4:00;8/01/2024 4:59;16,2
8/01/2024 3:00;8/01/2024 3:59;16,4
8/01/2024 2:00;8/01/2024 2:59;14
8/01/2024 1:00;8/01/2024 1:59;10,22
8/01/2024 0:00;8/01/2024 0:59;9,86
7/01/2024 23:00;7/01/2024 23:59;9,88
7/01/2024 22:00;7/01/2024 22:59;13,29
7/01/2024 21:00;7/01/2024 21:59;17,04
7/01/2024 20:00;7/01/2024 20:59;19,94
7/01/2024 19:00;7/01/2024 19:59;17,56
7/01/2024 18:00;7/01/2024 18:59;14,28
7/01/2024 17:00;7/01/2024 17:59;10,25
7/01/2024 16:00;7/01/2024 16:59;7,15
7/01/2024 15:00;7/01/2024 15:59;8,01
7/01/2024 14:00;7/01/2024 14:59;6,84
7/01/2024 13:00;7/01/2024 13:59;6,91
7/01/2024 12:00;7/01/2024 12:59;6,69
7/01/2024 11:00;7/01/2024 11:59;7,98
7/01/2024 10:00;7/01/2024 10:59;14,79
7/01/2024 9:00;7/01/2024 9:59;33,24
7/01/2024 8:00;7/01/2024 8:59;50,49
7/01/2024 7:00;7/01/2024 7:59;26,15
7/01/2024 6:00;7/01/2024 6:59;18,18
7/01/2024 5:00;7/01/2024 5:59;21,16
7/01/2024 4:00;7/01/2024 4:59;14,41
7/01/2024 3:00;7/01/2024 3:59;17
7/01/2024 2:00;7/01/2024 2:59;17,82
7/01/2024 1:00;7/01/2024 1:59;11,99
7/01/2024 0:00;7/01/2024 0:59;19,12
6/01/2024 23:00;6/01/2024 23:59;25,51
6/01/2024 22:00;6/01/2024 22:59;10,99
6/01/2024 21:00;6/01/2024 21:59;12,36
6/01/2024 20:00;6/01/2024 20:59;19,42
6/01/2024 19:00;6/01/2024 19:59;18,7
6/01/2024 18:00;6/01/2024 18:59;12,87
6/01/2024 17:00;6/01/2024 17:59;7,92
6/01/2024 16:00;6/01/2024 16:59;8,82
6/01/2024 15:00;6/01/2024 15:59;7,16
6/01/2024 14:00;6/01/2024 14:59;8,74
6/01/2024 13:00;6/01/2024 13:59;9,51
6/01/2024 12:00;6/01/2024 12:59;11,67
6/01/2024 11:00;6/01/2024 11:59;17,13
6/01/2024 10:00;6/01/2024 10:59;38,36
6/01/2024 9:00;6/01/2024 9:59;32,02
6/01/2024 8:00;6/01/2024 8:59;39,45
6/01/2024 7:00;6/01/2024 7:59;53,22
6/01/2024 6:00;6/01/2024 6:59;41,58
6/01/2024 5:00;6/01/2024 5:59;21,66
6/01/2024 4:00;6/01/2024 4:59;15,34
6/01/2024 3:00;6/01/2024 3:59;21,18
6/01/2024 2:00;6/01/2024 2:59;15,24
6/01/2024 1:00;6/01/2024 1:59;21,21
6/01/2024 0:00;6/01/2024 0:59;14,48
5/01/2024 23:00;5/01/2024 23:59;16,14
5/01/2024 22:00;5/01/2024 22:59;18,95
5/01/2024 21:00;5/01/2024 21:59;19,75
5/01/2024 20:00;5/01/2024 20:59;19,68
5/01/2024 19:00;5/01/2024 19:59;17,08
5/01/2024 18:00;5/01/2024 18:59;13,09
5/01/2024 17:00;5/01/2024 17:59;14,75
5/01/2024 16:00;5/01/2024 16:59;12,92
5/01/2024 15:00;5/01/2024 15:59;11,89
5/01/2024 14:00;5/01/2024 14:59;9,9
5/01/2024 13:00;5/01/2024 13:59;9,73
5/01/2024 12:00;5/01/2024 12:59;14,32
5/01/2024 11:00;5/01/2024 11:59;20,45
5/01/2024 10:00;5/01/2024 10:59;24,52
5/01/2024 9:00;5/01/2024 9:59;34,21
5/01/2024 8:00;5/01/2024 8:59;48,55
5/01/2024 7:00;5/01/2024 7:59;32,83
5/01/2024 6:00;5/01/2024 6:59;19,39
5/01/2024 5:00;5/01/2024 5:59;18,39
5/01/2024 4:00;5/01/2024 4:59;12,96
5/01/2024 3:00;5/01/2024 3:59;16,28
5/01/2024 2:00;5/01/2024 2:59;12,71
5/01/2024 1:00;5/01/2024 1:59;9,39
5/01/2024 0:00;5/01/2024 0:59;13,38
4/01/2024 23:00;4/01/2024 23:59;15,06
4/01/2024 22:00;4/01/2024 22:59;15,57
4/01/2024 21:00;4/01/2024 21:59;16,21
4/01/2024 20:00;4/01/2024 20:59;17,06
4/01/2024 19:00;4/01/2024 19:59;12,42
4/01/2024 18:00;4/01/2024 18:59;12,15
4/01/2024 17:00;4/01/2024 17:59;9,74
4/01/2024 16:00;4/01/2024 16:59;8,85
4/01/2024 15:00;4/01/2024 15:59;7,82
4/01/2024 14:00;4/01/2024 14:59;9,12
4/01/2024 13:00;4/01/2024 13:59;11,74
4/01/2024 12:00;4/01/2024 12:59;12,93
4/01/2024 11:00;4/01/2024 11:59;15,14
4/01/2024 10:00;4/01/2024 10:59;27,77
4/01/2024 9:00;4/01/2024 9:59;45,76
4/01/2024 8:00;4/01/2024 8:59;58,76
4/01/2024 7:00;4/01/2024 7:59;37,9
4/01/2024 6:00;4/01/2024 6:59;31,54
4/01/2024 5:00;4/01/2024 5:59;18,65
4/01/2024 4:00;4/01/2024 4:59;8,69
4/01/2024 3:00;4/01/2024 3:59;12,65
4/01/2024 2:00;4/01/2024 2:59;6,2
4/01/2024 1:00;4/01/2024 1:59;8,52
4/01/2024 0:00;4/01/2024 0:59;11,11
3/01/2024 23:00;3/01/2024 23:59;12,3
3/01/2024 22:00;3/01/2024 22:59;14,4
3/01/2024 21:00;3/01/2024 21:59;15,25
3/01/2024 20:00;3/01/2024 20:59;12,99
3/01/2024 19:00;3/01/2024 19:59;14,6
3/01/2024 18:00;3/01/2024 18:59;11,69
3/01/2024 17:00;3/01/2024 17:59;12,99
3/01/2024 16:00;3/01/2024 16:59;9,95
3/01/2024 15:00;3/01/2024 15:59;8,95
3/01/2024 14:00;3/01/2024 14:59;10,1
3/01/2024 13:00;3/01/2024 13:59;10,11
3/01/2024 12:00;3/01/2024 12:59;10,73
3/01/2024 11:00;3/01/2024 11:59;12,91
3/01/2024 10:00;3/01/2024 10:59;19,43
3/01/2024 9:00;3/01/2024 9:59;29,77
3/01/2024 8:00;3/01/2024 8:59;39,82
3/01/2024 7:00;3/01/2024 7:59;45,18
3/01/2024 6:00;3/01/2024 6:59;35,91
3/01/2024 5:00;3/01/2024 5:59;13,54
3/01/2024 4:00;3/01/2024 4:59;15,58
3/01/2024 3:00;3/01/2024 3:59;14,39
3/01/2024 2:00;3/01/2024 2:59;10,12
3/01/2024 1:00;3/01/2024 1:59;11,57
3/01/2024 0:00;3/01/2024 0:59;16,23
2/01/2024 23:00;2/01/2024 23:59;19,91
2/01/2024 22:00;2/01/2024 22:59;14,71
2/01/2024 21:00;2/01/2024 21:59;15,79
2/01/2024 20:00;2/01/2024 20:59;15,41
2/01/2024 19:00;2/01/2024 19:59;14,2
2/01/2024 18:00;2/01/2024 18:59;13,19
2/01/2024 17:00;2/01/2024 17:59;11,93
2/01/2024 16:00;2/01/2024 16:59;9,34
2/01/2024 15:00;2/01/2024 15:59;8,37
2/01/2024 14:00;2/01/2024 14:59;8,5
2/01/2024 13:00;2/01/2024 13:59;10,12
2/01/2024 12:00;2/01/2024 12:59;12,07
2/01/2024 11:00;2/01/2024 11:59;13,8
2/01/2024 10:00;2/01/2024 10:59;15,63
2/01/2024 9:00;2/01/2024 9:59;23,27
2/01/2024 8:00;2/01/2024 8:59;18,6
2/01/2024 7:00;2/01/2024 7:59;19,19
2/01/2024 6:00;2/01/2024 6:59;17,18
2/01/2024 5:00;2/01/2024 5:59;14,68
2/01/2024 4:00;2/01/2024 4:59;14,69
2/01/2024 3:00;2/01/2024 3:59;14,38
2/01/2024 2:00;2/01/2024 2:59;13,83
2/01/2024 1:00;2/01/2024 1:59;12,26
2/01/2024 0:00;2/01/2024 0:59;11,57
1/01/2024 23:00;1/01/2024 23:59;12,68
1/01/2024 22:00;1/01/2024 22:59;14,58
1/01/2024 21:00;1/01/2024 21:59;16,47
1/01/2024 20:00;1/01/2024 20:59;13,41
1/01/2024 19:00;1/01/2024 19:59;11,92
1/01/2024 18:00;1/01/2024 18:59;9,02
1/01/2024 17:00;1/01/2024 17:59;5,83
1/01/2024 16:00;1/01/2024 16:59;4,64
1/01/2024 15:00;1/01/2024 15:59;5,01
1/01/2024 14:00;1/01/2024 14:59;5,6
1/01/2024 13:00;1/01/2024 13:59;6,07
1/01/2024 12:00;1/01/2024 12:59;5,97
1/01/2024 11:00;1/01/2024 11:59;10,14
1/01/2024 10:00;1/01/2024 10:59;24,69
1/01/2024 9:00;1/01/2024 9:59;39,42
1/01/2024 8:00;1/01/2024 8:59;42,44
1/01/2024 7:00;1/01/2024 7:59;42,41
1/01/2024 6:00;1/01/2024 6:59;41,93
1/01/2024 5:00;1/01/2024 5:59;46,34
1/01/2024 4:00;1/01/2024 4:59;42,56
1/01/2024 3:00;1/01/2024 3:59;52,91
1/01/2024 2:00;1/01/2024 2:59;71,75
1/01/2024 1:00;1/01/2024 1:59;67,19
1/01/2024 0:00;1/01/2024 0:59;27,55
31/12/2023 22:00;31/12/2023 22:59;25,26
31/12/2023 21:00;31/12/2023 21:59;28,47
31/12/2023 20:00;31/12/2023 20:59;22,55
31/12/2023 19:00;31/12/2023 19:59;13,77
31/12/2023 18:00;31/12/2023 18:59;9,91
31/12/2023 17:00;31/12/2023 17:59;5,81
31/12/2023 15:00;31/12/2023 15:59;9,55
31/12/2023 14:00;31/12/2023 14:59;8,67
31/12/2023 13:00;31/12/2023 13:59;9,59
31/12/2023 12:00;31/12/2023 12:59;11,52
31/12/2023 11:00;31/12/2023 11:59;10,15
31/12/2023 10:00;31/12/2023 10:59;13,04
31/12/2023 9:00;31/12/2023 9:59;14,32
31/12/2023 8:00;31/12/2023 8:59;15,73
31/12/2023 7:00;31/12/2023 7:59;17,12
31/12/2023 6:00;31/12/2023 6:59;18,76
31/12/2023 5:00;31/12/2023 5:59;12,49
31/12/2023 4:00;31/12/2023 4:59;13,59
31/12/2023 3:00;31/12/2023 3:59;12,67
31/12/2023 2:00;31/12/2023 2:59;12,33
31/12/2023 1:00;31/12/2023 1:59;16,94
31/12/2023 0:00;31/12/2023 0:59;14,62
30/12/2023 23:00;30/12/2023 23:59;10,84
30/12/2023 22:00;30/12/2023 22:59;13,58
30/12/2023 21:00;30/12/2023 21:59;13,29
30/12/2023 20:00;30/12/2023 20:59;10,1
30/12/2023 19:00;30/12/2023 19:59;10,2
30/12/2023 18:00;30/12/2023 18:59;12,87
30/12/2023 17:00;30/12/2023 17:59;11,51
30/12/2023 16:00;30/12/2023 16:59;9,01
30/12/2023 15:00;30/12/2023 15:59;11,08
30/12/2023 14:00;30/12/2023 14:59;9,89
30/12/2023 13:00;30/12/2023 13:59;8,52
30/12/2023 12:00;30/12/2023 12:59;10,8
30/12/2023 11:00;30/12/2023 11:59;10,41
30/12/2023 10:00;30/12/2023 10:59;13,56
30/12/2023 9:00;30/12/2023 9:59;22,02
30/12/2023 8:00;30/12/2023 8:59;36,03
30/12/2023 7:00;30/12/2023 7:59;34,95
30/12/2023 6:00;30/12/2023 6:59;25,5
30/12/2023 5:00;30/12/2023 5:59;21,62
30/12/2023 4:00;30/12/2023 4:59;24,95
30/12/2023 3:00;30/12/2023 3:59;17,11
30/12/2023 2:00;30/12/2023 2:59;15,69
30/12/2023 1:00;30/12/2023 1:59;11,71
30/12/2023 0:00;30/12/2023 0:59;11,72
29/12/2023 23:00;29/12/2023 23:59;13,3
29/12/2023 22:00;29/12/2023 22:59;16,79
29/12/2023 21:00;29/12/2023 21:59;18,04
29/12/2023 20:00;29/12/2023 20:59;14,65
29/12/2023 19:00;29/12/2023 19:59;15,2
29/12/2023 18:00;29/12/2023 18:59;11,04
29/12/2023 17:00;29/12/2023 17:59;15,15
29/12/2023 16:00;29/12/2023 16:59;11,2
29/12/2023 15:00;29/12/2023 15:59;8,97
29/12/2023 14:00;29/12/2023 14:59;10,09
29/12/2023 13:00;29/12/2023 13:59;10,78
29/12/2023 12:00;29/12/2023 12:59;11,95
29/12/2023 11:00;29/12/2023 11:59;11,36
29/12/2023 10:00;29/12/2023 10:59;24,66
29/12/2023 9:00;29/12/2023 9:59;30,27
29/12/2023 8:00;29/12/2023 8:59;31,18
29/12/2023 7:00;29/12/2023 7:59;35,49
29/12/2023 6:00;29/12/2023 6:59;28,41
29/12/2023 5:00;29/12/2023 5:59;11,53
29/12/2023 4:00;29/12/2023 4:59;9,07
29/12/2023 3:00;29/12/2023 3:59;8,64
29/12/2023 2:00;29/12/2023 2:59;10,67
29/12/2023 1:00;29/12/2023 1:59;8,43
29/12/2023 0:00;29/12/2023 0:59;15,31
28/12/2023 23:00;28/12/2023 23:59;14,41
28/12/2023 22:00;28/12/2023 22:59;15,7
28/12/2023 21:00;28/12/2023 21:59;11,43
28/12/2023 20:00;28/12/2023 20:59;8,17
28/12/2023 17:00;28/12/2023 17:59;12,58
28/12/2023 16:00;28/12/2023 16:59;10,36
28/12/2023 15:00;28/12/2023 15:59;5,96
28/12/2023 14:00;28/12/2023 14:59;6,95
28/12/2023 13:00;28/12/2023 13:59;8,89
28/12/2023 12:00;28/12/2023 12:59;14,2
28/12/2023 11:00;28/12/2023 11:59;13,55
28/12/2023 9:00;28/12/2023 9:59;28,58
28/12/2023 8:00;28/12/2023 8:59;31,4
28/12/2023 7:00;28/12/2023 7:59;39,82
28/12/2023 6:00;28/12/2023 6:59;25,34
28/12/2023 5:00;28/12/2023 5:59;23,17
28/12/2023 4:00;28/12/2023 4:59;18,36
28/12/2023 3:00;28/12/2023 3:59;15,7
28/12/2023 2:00;28/12/2023 2:59;17,25
28/12/2023 1:00;28/12/2023 1:59;15,11
28/12/2023 0:00;28/12/2023 0:59;17,06
27/12/2023 23:00;27/12/2023 23:59;20,94
27/12/2023 22:00;27/12/2023 22:59;25,34
27/12/2023 21:00;27/12/2023 21:59;23,75
27/12/2023 20:00;27/12/2023 20:59;23,7
27/12/2023 19:00;27/12/2023 19:59;14,54
27/12/2023 18:00;27/12/2023 18:59;21,02
27/12/2023 17:00;27/12/2023 17:59;10,37
27/12/2023 16:00;27/12/2023 16:59;10,31
27/12/2023 15:00;27/12/2023 15:59;8,2
27/12/2023 14:00;27/12/2023 14:59;8,5
27/12/2023 13:00;27/12/2023 13:59;7,99
27/12/2023 12:00;27/12/2023 12:59;15,91
27/12/2023 11:00;27/12/2023 11:59;10,9
27/12/2023 10:00;27/12/2023 10:59;26,41
27/12/2023 9:00;27/12/2023 9:59;18,1
27/12/2023 8:00;27/12/2023 8:59;31,24
27/12/2023 7:00;27/12/2023 7:59;22,01
27/12/2023 6:00;27/12/2023 6:59;23,26
27/12/2023 5:00;27/12/2023 5:59;12,8
27/12/2023 4:00;27/12/2023 4:59;15,96
27/12/2023 3:00;27/12/2023 3:59;10,06
27/12/2023 2:00;27/12/2023 2:59;10,23
27/12/2023 1:00;27/12/2023 1:59;5,4
27/12/2023 0:00;27/12/2023 0:59;4,93
26/12/2023 23:00;26/12/2023 23:59;10,75
26/12/2023 22:00;26/12/2023 22:59;7,78
26/12/2023 21:00;26/12/2023 21:59;7,97
26/12/2023 20:00;26/12/2023 20:59;9,58
26/12/2023 19:00;26/12/2023 19:59;7,98
26/12/2023 18:00;26/12/2023 18:59;12,39
26/12/2023 17:00;26/12/2023 17:59;10,71
26/12/2023 16:00;26/12/2023 16:59;10,82
26/12/2023 15:00;26/12/2023 15:59;10,75
26/12/2023 14:00;26/12/2023 14:59;8,82
26/12/2023 13:00;26/12/2023 13:59;10,72
26/12/2023 12:00;26/12/2023 12:59;10,65
26/12/2023 11:00;26/12/2023 11:59;13,03
26/12/2023 10:00;26/12/2023 10:59;12,65
26/12/2023 9:00;26/12/2023 9:59;14,38
26/12/2023 8:00;26/12/2023 8:59;21,4
26/12/2023 7:00;26/12/2023 7:59;16,18
26/12/2023 6:00;26/12/2023 6:59;18,65
26/12/2023 5:00;26/12/2023 5:59;14,62
26/12/2023 4:00;26/12/2023 4:59;12,2
26/12/2023 3:00;26/12/2023 3:59;9,31
26/12/2023 2:00;26/12/2023 2:59;5,44
26/12/2023 1:00;26/12/2023 1:59;4,74
26/12/2023 0:00;26/12/2023 0:59;4,69
25/12/2023 23:00;25/12/2023 23:59;5,4
25/12/2023 22:00;25/12/2023 22:59;8,25
25/12/2023 21:00;25/12/2023 21:59;10,16
25/12/2023 20:00;25/12/2023 20:59;9,25
25/12/2023 19:00;25/12/2023 19:59;10,39
25/12/2023 18:00;25/12/2023 18:59;9,17
25/12/2023 17:00;25/12/2023 17:59;6,89
25/12/2023 16:00;25/12/2023 16:59;5,34
25/12/2023 15:00;25/12/2023 15:59;5,4
25/12/2023 14:00;25/12/2023 14:59;5,07
25/12/2023 13:00;25/12/2023 13:59;4,95
25/12/2023 12:00;25/12/2023 12:59;6,12
25/12/2023 11:00;25/12/2023 11:59;7,81
25/12/2023 10:00;25/12/2023 10:59;11,03
25/12/2023 9:00;25/12/2023 9:59;23,82
25/12/2023 8:00;25/12/2023 8:59;25,74
25/12/2023 7:00;25/12/2023 7:59;29,33
25/12/2023 6:00;25/12/2023 6:59;22,91
25/12/2023 5:00;25/12/2023 5:59;32,64
25/12/2023 4:00;25/12/2023 4:59;27,38
25/12/2023 3:00;25/12/2023 3:59;31,93
25/12/2023 2:00;25/12/2023 2:59;29,84
25/12/2023 1:00;25/12/2023 1:59;26,02
25/12/2023 0:00;25/12/2023 0:59;24,88
24/12/2023 23:00;24/12/2023 23:59;24,88
24/12/2023 22:00;24/12/2023 22:59;25,28
24/12/2023 21:00;24/12/2023 21:59;31,1
24/12/2023 20:00;24/12/2023 20:59;19,19
24/12/2023 19:00;24/12/2023 19:59;15,2
24/12/2023 18:00;24/12/2023 18:59;9,84
24/12/2023 17:00;24/12/2023 17:59;8,77
24/12/2023 16:00;24/12/2023 16:59;6,23
24/12/2023 15:00;24/12/2023 15:59;7,84
24/12/2023 14:00;24/12/2023 14:59;7,18
24/12/2023 13:00;24/12/2023 13:59;7,12
24/12/2023 12:00;24/12/2023 12:59;7,1
24/12/2023 11:00;24/12/2023 11:59;7,31
24/12/2023 10:00;24/12/2023 10:59;13,44
24/12/2023 9:00;24/12/2023 9:59;19,27
24/12/2023 8:00;24/12/2023 8:59;27,44
24/12/2023 7:00;24/12/2023 7:59;26,71
24/12/2023 6:00;24/12/2023 6:59;23,49
24/12/2023 5:00;24/12/2023 5:59;15,59
24/12/2023 4:00;24/12/2023 4:59;17,87
24/12/2023 3:00;24/12/2023 3:59;14,37
24/12/2023 2:00;24/12/2023 2:59;21,33
24/12/2023 1:00;24/12/2023 1:59;25,25
24/12/2023 0:00;24/12/2023 0:59;48,69
23/12/2023 23:00;23/12/2023 23:59;18,44
23/12/2023 22:00;23/12/2023 22:59;28,11
23/12/2023 21:00;23/12/2023 21:59;15,81
23/12/2023 20:00;23/12/2023 20:59;19,12
23/12/2023 19:00;23/12/2023 19:59;17,23
23/12/2023 18:00;23/12/2023 18:59;12,54
23/12/2023 17:00;23/12/2023 17:59;6,89
23/12/2023 16:00;23/12/2023 16:59;6,96
23/12/2023 15:00;23/12/2023 15:59;7,42
23/12/2023 14:00;23/12/2023 14:59;9,81
23/12/2023 13:00;23/12/2023 13:59;11,68
23/12/2023 12:00;23/12/2023 12:59;13,5
23/12/2023 11:00;23/12/2023 11:59;13,67
23/12/2023 10:00;23/12/2023 10:59;18,83
23/12/2023 9:00;23/12/2023 9:59;32,69
23/12/2023 8:00;23/12/2023 8:59;29,42
23/12/2023 7:00;23/12/2023 7:59;35,46
23/12/2023 6:00;23/12/2023 6:59;31,85
23/12/2023 5:00;23/12/2023 5:59;34,68
23/12/2023 4:00;23/12/2023 4:59;26,43
23/12/2023 3:00;23/12/2023 3:59;22,63
23/12/2023 2:00;23/12/2023 2:59;23,28
23/12/2023 1:00;23/12/2023 1:59;19,59
23/12/2023 0:00;23/12/2023 0:59;16,29
22/12/2023 23:00;22/12/2023 23:59;15,21
22/12/2023 22:00;22/12/2023 22:59;20,23
22/12/2023 21:00;22/12/2023 21:59;17,6
22/12/2023 20:00;22/12/2023 20:59;21,68
22/12/2023 19:00;22/12/2023 19:59;17,66
22/12/2023 18:00;22/12/2023 18:59;16,53
22/12/2023 17:00;22/12/2023 17:59;15,13
22/12/2023 16:00;22/12/2023 16:59;14,39
22/12/2023 15:00;22/12/2023 15:59;13,11
22/12/2023 14:00;22/12/2023 14:59;12,31
22/12/2023 13:00;22/12/2023 13:59;9,98
22/12/2023 12:00;22/12/2023 12:59;12,3
22/12/2023 11:00;22/12/2023 11:59;14,15
22/12/2023 10:00;22/12/2023 10:59;19,69
22/12/2023 9:00;22/12/2023 9:59;28,64
22/12/2023 8:00;22/12/2023 8:59;37,52
22/12/2023 7:00;22/12/2023 7:59;26,85
22/12/2023 6:00;22/12/2023 6:59;24,87
22/12/2023 5:00;22/12/2023 5:59;15,56
22/12/2023 4:00;22/12/2023 4:59;14,5
22/12/2023 3:00;22/12/2023 3:59;16,34
22/12/2023 2:00;22/12/2023 2:59;17,14
22/12/2023 1:00;22/12/2023 1:59;13,44
22/12/2023 0:00;22/12/2023 0:59;18,22
21/12/2023 23:00;21/12/2023 23:59;19,43
21/12/2023 22:00;21/12/2023 22:59;19,04
21/12/2023 21:00;21/12/2023 21:59;18,36
21/12/2023 20:00;21/12/2023 20:59;21,39
21/12/2023 19:00;21/12/2023 19:59;18,18
21/12/2023 18:00;21/12/2023 18:59;16,85
21/12/2023 17:00;21/12/2023 17:59;14,38
21/12/2023 16:00;21/12/2023 16:59;14,98
21/12/2023 15:00;21/12/2023 15:59;10,24
21/12/2023 14:00;21/12/2023 14:59;9,24
21/12/2023 13:00;21/12/2023 13:59;10,59
21/12/2023 12:00;21/12/2023 12:59;11,34
21/12/2023 11:00;21/12/2023 11:59;12,39
21/12/2023 10:00;21/12/2023 10:59;13,47
21/12/2023 9:00;21/12/2023 9:59;31,87
21/12/2023 8:00;21/12/2023 8:59;40,87
21/12/2023 7:00;21/12/2023 7:59;42,22
21/12/2023 6:00;21/12/2023 6:59;40,98
21/12/2023 5:00;21/12/2023 5:59;31,58
21/12/2023 4:00;21/12/2023 4:59;22,84
21/12/2023 3:00;21/12/2023 3:59;18,41
21/12/2023 2:00;21/12/2023 2:59;19,8
21/12/2023 1:00;21/12/2023 1:59;24,78
21/12/2023 0:00;21/12/2023 0:59;22,84
20/12/2023 23:00;20/12/2023 23:59;26,06
20/12/2023 22:00;20/12/2023 22:59;23,45
20/12/2023 21:00;20/12/2023 21:59;14,34
20/12/2023 20:00;20/12/2023 20:59;21,08
20/12/2023 19:00;20/12/2023 19:59;11,65
20/12/2023 18:00;20/12/2023 18:59;12,64
20/12/2023 17:00;20/12/2023 17:59;10,3
20/12/2023 16:00;20/12/2023 16:59;8,64
20/12/2023 15:00;20/12/2023 15:59;8,05
20/12/2023 14:00;20/12/2023 14:59;8,41
20/12/2023 13:00;20/12/2023 13:59;10,02
20/12/2023 12:00;20/12/2023 12:59;10,48
20/12/2023 11:00;20/12/2023 11:59;8,89
20/12/2023 10:00;20/12/2023 10:59;18,43
20/12/2023 9:00;20/12/2023 9:59;23,93
20/12/2023 8:00;20/12/2023 8:59;31,47
20/12/2023 7:00;20/12/2023 7:59;25,42
20/12/2023 6:00;20/12/2023 6:59;16,02
20/12/2023 5:00;20/12/2023 5:59;7,11
20/12/2023 4:00;20/12/2023 4:59;12,4
20/12/2023 3:00;20/12/2023 3:59;12,81
20/12/2023 2:00;20/12/2023 2:59;10,86
20/12/2023 1:00;20/12/2023 1:59;14,02
20/12/2023 0:00;20/12/2023 0:59;12,77
19/12/2023 23:00;19/12/2023 23:59;11,21
19/12/2023 22:00;19/12/2023 22:59;12,06
19/12/2023 21:00;19/12/2023 21:59;12,29
19/12/2023 20:00;19/12/2023 20:59;16,91
19/12/2023 19:00;19/12/2023 19:59;10,69
19/12/2023 18:00;19/12/2023 18:59;12,19
19/12/2023 16:00;19/12/2023 16:59;13,08
19/12/2023 15:00;19/12/2023 15:59;11,67
19/12/2023 14:00;19/12/2023 14:59;9,6
19/12/2023 13:00;19/12/2023 13:59;14,54
19/12/2023 12:00;19/12/2023 12:59;18,61
19/12/2023 11:00;19/12/2023 11:59;14,61
19/12/2023 10:00;19/12/2023 10:59;22,48
19/12/2023 9:00;19/12/2023 9:59;20,87
19/12/2023 8:00;19/12/2023 8:59;21,91
19/12/2023 7:00;19/12/2023 7:59;15,99
19/12/2023 6:00;19/12/2023 6:59;14,91
19/12/2023 5:00;19/12/2023 5:59;11,44
19/12/2023 4:00;19/12/2023 4:59;11,95
19/12/2023 3:00;19/12/2023 3:59;11,97
19/12/2023 2:00;19/12/2023 2:59;11,36
19/12/2023 1:00;19/12/2023 1:59;10,56
19/12/2023 0:00;19/12/2023 0:59;11,51
18/12/2023 23:00;18/12/2023 23:59;14,68
18/12/2023 22:00;18/12/2023 22:59;19,63
18/12/2023 21:00;18/12/2023 21:59;25,53
18/12/2023 20:00;18/12/2023 20:59;23,71
18/12/2023 19:00;18/12/2023 19:59;22,77
18/12/2023 18:00;18/12/2023 18:59;12,49
18/12/2023 17:00;18/12/2023 17:59;17,46
18/12/2023 16:00;18/12/2023 16:59;18,22
18/12/2023 15:00;18/12/2023 15:59;14,07
18/12/2023 14:00;18/12/2023 14:59;14,84
18/12/2023 13:00;18/12/2023 13:59;9,97
18/12/2023 12:00;18/12/2023 12:59;10,97
18/12/2023 11:00;18/12/2023 11:59;11,01
18/12/2023 10:00;18/12/2023 10:59;12,57
18/12/2023 9:00;18/12/2023 9:59;16,93
18/12/2023 8:00;18/12/2023 8:59;17,64
18/12/2023 7:00;18/12/2023 7:59;16,74
18/12/2023 6:00;18/12/2023 6:59;10,91
18/12/2023 5:00;18/12/2023 5:59;8,13
18/12/2023 4:00;18/12/2023 4:59;7,99
18/12/2023 3:00;18/12/2023 3:59;8,4
18/12/2023 2:00;18/12/2023 2:59;11,22
18/12/2023 1:00;18/12/2023 1:59;10,21
18/12/2023 0:00;18/12/2023 0:59;10,56
17/12/2023 23:00;17/12/2023 23:59;10,02
17/12/2023 22:00;17/12/2023 22:59;16,45
17/12/2023 21:00;17/12/2023 21:59;14,41
17/12/2023 20:00;17/12/2023 20:59;13,31
17/12/2023 19:00;17/12/2023 19:59;11,49
17/12/2023 18:00;17/12/2023 18:59;14,04
17/12/2023 17:00;17/12/2023 17:59;12,63
17/12/2023 16:00;17/12/2023 16:59;15,71
17/12/2023 15:00;17/12/2023 15:59;15,8
17/12/2023 14:00;17/12/2023 14:59;10,09
17/12/2023 13:00;17/12/2023 13:59;11,29
17/12/2023 12:00;17/12/2023 12:59;10,58
17/12/2023 11:00;17/12/2023 11:59;10,65
17/12/2023 10:00;17/12/2023 10:59;16,3
17/12/2023 9:00;17/12/2023 9:59;22,49
17/12/2023 8:00;17/12/2023 8:59;14
17/12/2023 7:00;17/12/2023 7:59;7,85
8/12/2023 9:00;8/12/2023 9:59;7,04
8/12/2023 8:00;8/12/2023 8:59;7,68
8/12/2023 7:00;8/12/2023 7:59;11,59
8/12/2023 6:00;8/12/2023 6:59;11,39
8/12/2023 5:00;8/12/2023 5:59;11,92
8/12/2023 4:00;8/12/2023 4:59;8,08
8/12/2023 3:00;8/12/2023 3:59;6,15
8/12/2023 2:00;8/12/2023 2:59;6,06
8/12/2023 1:00;8/12/2023 1:59;6,64
8/12/2023 0:00;8/12/2023 0:59;8,72
7/12/2023 23:00;7/12/2023 23:59;7,82
7/12/2023 22:00;7/12/2023 22:59;7,65
7/12/2023 21:00;7/12/2023 21:59;7,25
7/12/2023 20:00;7/12/2023 20:59;10,22
7/12/2023 19:00;7/12/2023 19:59;8,96
7/12/2023 18:00;7/12/2023 18:59;8,61
7/12/2023 17:00;7/12/2023 17:59;7,05
7/12/2023 16:00;7/12/2023 16:59;9
7/12/2023 15:00;7/12/2023 15:59;7,61
7/12/2023 14:00;7/12/2023 14:59;10,2
7/12/2023 13:00;7/12/2023 13:59;10,72
7/12/2023 12:00;7/12/2023 12:59;7,47
7/12/2023 11:00;7/12/2023 11:59;8,11
7/12/2023 10:00;7/12/2023 10:59;7,72
7/12/2023 9:00;7/12/2023 9:59;7,22
7/12/2023 8:00;7/12/2023 8:59;13,16
7/12/2023 7:00;7/12/2023 7:59;19,3
7/12/2023 6:00;7/12/2023 6:59;11,06
7/12/2023 5:00;7/12/2023 5:59;6,6
7/12/2023 4:00;7/12/2023 4:59;16,16
7/12/2023 3:00;7/12/2023 3:59;10,24
7/12/2023 2:00;7/12/2023 2:59;16,59
7/12/2023 1:00;7/12/2023 1:59;12,03
7/12/2023 0:00;7/12/2023 0:59;6,98
6/12/2023 23:00;6/12/2023 23:59;10,89
6/12/2023 22:00;6/12/2023 22:59;8,84
6/12/2023 21:00;6/12/2023 21:59;16,28
6/12/2023 20:00;6/12/2023 20:59;9,92
6/12/2023 19:00;6/12/2023 19:59;6
6/12/2023 18:00;6/12/2023 18:59;7,88
6/12/2023 17:00;6/12/2023 17:59;6,82
6/12/2023 16:00;6/12/2023 16:59;4,11
6/12/2023 15:00;6/12/2023 15:59;4,52
6/12/2023 14:00;6/12/2023 14:59;4,44
6/12/2023 13:00;6/12/2023 13:59;4,04
6/12/2023 12:00;6/12/2023 12:59;3,72
6/12/2023 11:00;6/12/2023 11:59;5,07
6/12/2023 10:00;6/12/2023 10:59;4,94
6/12/2023 9:00;6/12/2023 9:59;4,96
6/12/2023 8:00;6/12/2023 8:59;20,89
6/12/2023 7:00;6/12/2023 7:59;32,88
6/12/2023 6:00;6/12/2023 6:59;18,14
6/12/2023 5:00;6/12/2023 5:59;9,43
6/12/2023 4:00;6/12/2023 4:59;9,87
6/12/2023 3:00;6/12/2023 3:59;15,25
6/12/2023 2:00;6/12/2023 2:59;11,22
6/12/2023 1:00;6/12/2023 1:59;10,2
6/12/2023 0:00;6/12/2023 0:59;21,24
5/12/2023 23:00;5/12/2023 23:59;16
5/12/2023 22:00;5/12/2023 22:59;9,61
5/12/2023 21:00;5/12/2023 21:59;17,46
5/12/2023 20:00;5/12/2023 20:59;6,29
5/12/2023 19:00;5/12/2023 19:59;5,66
5/12/2023 18:00;5/12/2023 18:59;6,83
5/12/2023 17:00;5/12/2023 17:59;6,37
5/12/2023 16:00;5/12/2023 16:59;5,77
5/12/2023 15:00;5/12/2023 15:59;4,57
5/12/2023 14:00;5/12/2023 14:59;4,24
5/12/2023 13:00;5/12/2023 13:59;3,91
5/12/2023 12:00;5/12/2023 12:59;4,49
5/12/2023 11:00;5/12/2023 11:59;4,51
5/12/2023 10:00;5/12/2023 10:59;4,87
5/12/2023 9:00;5/12/2023 9:59;17,72
5/12/2023 8:00;5/12/2023 8:59;27,45
5/12/2023 7:00;5/12/2023 7:59;15,47
5/12/2023 6:00;5/12/2023 6:59;12,26
5/12/2023 5:00;5/12/2023 5:59;15,43
5/12/2023 4:00;5/12/2023 4:59;13,22
5/12/2023 3:00;5/12/2023 3:59;17,38
5/12/2023 2:00;5/12/2023 2:59;18,47
5/12/2023 1:00;5/12/2023 1:59;15,78
5/12/2023 0:00;5/12/2023 0:59;15,01
4/12/2023 23:00;4/12/2023 23:59;12,55
4/12/2023 22:00;4/12/2023 22:59;16,29
4/12/2023 21:00;4/12/2023 21:59;10,24
4/12/2023 20:00;4/12/2023 20:59;11,33
4/12/2023 19:00;4/12/2023 19:59;13,39
4/12/2023 18:00;4/12/2023 18:59;7,77
4/12/2023 17:00;4/12/2023 17:59;7,46
4/12/2023 16:00;4/12/2023 16:59;7,06
4/12/2023 15:00;4/12/2023 15:59;5,46
4/12/2023 14:00;4/12/2023 14:59;4,43
4/12/2023 13:00;4/12/2023 13:59;4,99
4/12/2023 12:00;4/12/2023 12:59;5,28
4/12/2023 11:00;4/12/2023 11:59;4,77
4/12/2023 10:00;4/12/2023 10:59;5,62
4/12/2023 9:00;4/12/2023 9:59;9,74
4/12/2023 8:00;4/12/2023 8:59;19,25
4/12/2023 7:00;4/12/2023 7:59;27,47
4/12/2023 6:00;4/12/2023 6:59;22,3
4/12/2023 5:00;4/12/2023 5:59;15,81
4/12/2023 4:00;4/12/2023 4:59;13,16
4/12/2023 3:00;4/12/2023 3:59;11,06
4/12/2023 2:00;4/12/2023 2:59;16,13
4/12/2023 1:00;4/12/2023 1:59;13,11
4/12/2023 0:00;4/12/2023 0:59;11,47
3/12/2023 23:00;3/12/2023 23:59;10,56
3/12/2023 22:00;3/12/2023 22:59;9,55
3/12/2023 21:00;3/12/2023 21:59;8,93
3/12/2023 20:00;3/12/2023 20:59;8,45
3/12/2023 19:00;3/12/2023 19:59;9,87
3/12/2023 18:00;3/12/2023 18:59;7,05
3/12/2023 17:00;3/12/2023 17:59;7,12
3/12/2023 16:00;3/12/2023 16:59;6,7
3/12/2023 15:00;3/12/2023 15:59;6,68
3/12/2023 14:00;3/12/2023 14:59;6,66
3/12/2023 13:00;3/12/2023 13:59;7,29
3/12/2023 12:00;3/12/2023 12:59;7,52
3/12/2023 11:00;3/12/2023 11:59;11,42
3/12/2023 10:00;3/12/2023 10:59;16,6
3/12/2023 9:00;3/12/2023 9:59;18,28
3/12/2023 8:00;3/12/2023 8:59;22,49
3/12/2023 7:00;3/12/2023 7:59;20,97
3/12/2023 6:00;3/12/2023 6:59;25,25
3/12/2023 5:00;3/12/2023 5:59;26,7
3/12/2023 4:00;3/12/2023 4:59;18,35
3/12/2023 3:00;3/12/2023 3:59;20
3/12/2023 2:00;3/12/2023 2:59;15,89
3/12/2023 1:00;3/12/2023 1:59;17,5
3/12/2023 0:00;3/12/2023 0:59;14,7
2/12/2023 23:00;2/12/2023 23:59;12,41
2/12/2023 22:00;2/12/2023 22:59;9,74
2/12/2023 21:00;2/12/2023 21:59;10,08
2/12/2023 20:00;2/12/2023 20:59;11,27
2/12/2023 19:00;2/12/2023 19:59;11,38
2/12/2023 18:00;2/12/2023 18:59;7,95
2/12/2023 17:00;2/12/2023 17:59;7,99
2/12/2023 16:00;2/12/2023 16:59;6,98
2/12/2023 15:00;2/12/2023 15:59;5,58
2/12/2023 14:00;2/12/2023 14:59;5,6
2/12/2023 13:00;2/12/2023 13:59;5,43
2/12/2023 12:00;2/12/2023 12:59;4,72
2/12/2023 11:00;2/12/2023 11:59;7,54
2/12/2023 10:00;2/12/2023 10:59;8,31
2/12/2023 9:00;2/12/2023 9:59;9,13
2/12/2023 8:00;2/12/2023 8:59;18,43
2/12/2023 7:00;2/12/2023 7:59;48,55
2/12/2023 6:00;2/12/2023 6:59;29,67
2/12/2023 5:00;2/12/2023 5:59;26,99
2/12/2023 4:00;2/12/2023 4:59;24,27
2/12/2023 3:00;2/12/2023 3:59;17,38
2/12/2023 2:00;2/12/2023 2:59;14,61
2/12/2023 1:00;2/12/2023 1:59;10,71
2/12/2023 0:00;2/12/2023 0:59;8
1/12/2023 23:00;1/12/2023 23:59;11,41
1/12/2023 22:00;1/12/2023 22:59;9,99
1/12/2023 21:00;1/12/2023 21:59;10,13
1/12/2023 20:00;1/12/2023 20:59;5,67
1/12/2023 19:00;1/12/2023 19:59;7,13
1/12/2023 18:00;1/12/2023 18:59;7,94
1/12/2023 17:00;1/12/2023 17:59;8,82
1/12/2023 16:00;1/12/2023 16:59;8,06
1/12/2023 15:00;1/12/2023 15:59;4,8
1/12/2023 14:00;1/12/2023 14:59;4,66
1/12/2023 13:00;1/12/2023 13:59;4,21
1/12/2023 12:00;1/12/2023 12:59;3,87
1/12/2023 11:00;1/12/2023 11:59;4,01
1/12/2023 10:00;1/12/2023 10:59;6,81
1/12/2023 9:00;1/12/2023 9:59;11,32
1/12/2023 8:00;1/12/2023 8:59;28,86
1/12/2023 7:00;1/12/2023 7:59;33,44
1/12/2023 6:00;1/12/2023 6:59;30,66
1/12/2023 5:00;1/12/2023 5:59;33,71
1/12/2023 4:00;1/12/2023 4:59;21,73
1/12/2023 3:00;1/12/2023 3:59;17,26
1/12/2023 2:00;1/12/2023 2:59;11,9
1/12/2023 1:00;1/12/2023 1:59;10,15
1/12/2023 0:00;1/12/2023 0:59;8,26
